Mass_Tag_ID,Ref_ID,Reference
1110,60794,IPI:IPI00215916.1
1110,67221,CytC_Bovine
1110,68340,P010|CYC_BOVIN
1110,45094,IPI:IPI00465315.5
1198,56476,MYG_HORSE
1198,68328,P008|MYG_HORSE
1201,68325,P005|G3P_RABIT
1201,17972,IPI:IPI00219018.4
1201,36337,IPI:IPI00455935.1
1208,68325,P005|G3P_RABIT
1208,29835,IPI:IPI00552282.1
1208,17972,IPI:IPI00219018.4
1208,18436,IPI:IPI00383758.1
1246,34276,IPI:IPI00456429.2
1246,10510,IPI:IPI00397808.2
1246,34301,IPI:IPI00554728.1
1246,34297,IPI:IPI00550347.2
1246,34296,IPI:IPI00550025.2
1246,34244,IPI:IPI00387164.1
1246,34221,IPI:IPI00296120.2
1246,34302,IPI:IPI00554749.1
1246,9319,IPI:IPI00179330.5
1246,34224,IPI:IPI00328348.4
1253,34276,IPI:IPI00456429.2
1253,34302,IPI:IPI00554749.1
1253,34301,IPI:IPI00554728.1
1253,34297,IPI:IPI00550347.2
1253,34296,IPI:IPI00550025.2
1253,34293,IPI:IPI00514655.1
1253,34292,IPI:IPI00514288.1
1253,34224,IPI:IPI00328348.4
1253,34221,IPI:IPI00296120.2
1253,21993,IPI:IPI00398132.1
1253,10510,IPI:IPI00397808.2
1253,9319,IPI:IPI00179330.5
1253,1787,IPI:IPI00418813.1
1253,34244,IPI:IPI00387164.1
3569,9636,IPI:IPI00220327.2
3569,52596,IPI:IPI00220327.1
3569,56473,K2C1_HUMAN
5931,14451,IPI:IPI00479902.1
5931,21086,IPI:IPI00009865.1
5931,29653,IPI:IPI00295684.1
5931,29698,IPI:IPI00383111.1
7415,52596,IPI:IPI00220327.1
7415,13452,IPI:IPI00376379.1
7415,56473,K2C1_HUMAN
7415,3160,IPI:IPI00021304.1
7415,9636,IPI:IPI00220327.2
7415,56472,K22E_HUMAN
10956,68325,P005|G3P_RABIT
11984,17972,IPI:IPI00219018.4
11984,49269,G3P_Dehyd
11984,52464,IPI:IPI00219018.1
11984,68325,P005|G3P_RABIT
13878,67598,IPI:IPI00217471.1
13878,58097,IPI:IPI00220706.1
13878,58699,IPI:IPI00332720.1
13878,59178,IPI:IPI00384084.1
13878,63163,IPI:IPI00384875.1
13878,64898,HBB_BOVINb
13878,57039,IPI:IPI00031012.2
13878,67240,IPI:IPI00067590.1
13878,59125,IPI:IPI00383331.1
13878,66314,IPI:IPI00307063.1
13878,11186,IPI:IPI00470375.3
13878,62667,IPI:IPI00218816.1
13878,52776,IPI:IPI00245171.3
13878,5869,IPI:IPI00382950.1
13878,11239,IPI:IPI00472787.1
13878,11253,IPI:IPI00473011.2
13878,12335,IPI:IPI00030809.1
13878,12897,IPI:IPI00217471.2
13878,13018,IPI:IPI00220706.4
13878,14233,IPI:IPI00464992.3
13878,14663,IPI:IPI00554676.1
13878,4696,IPI:IPI00218816.5
14184,20638,IPI:IPI00450768.4
14184,39868,IPI:IPI00184195.2
14184,26118,IPI:IPI00550909.2
14184,21086,IPI:IPI00009865.1
14184,25299,IPI:IPI00164540.6
14184,25572,IPI:IPI00333662.3
14184,25783,IPI:IPI00411834.2
14184,25908,IPI:IPI00455326.1
14184,26654,IPI:IPI00290077.1
14184,29653,IPI:IPI00295684.1
14184,29698,IPI:IPI00383111.1
14184,30229,IPI:IPI00176703.4
14184,30232,IPI:IPI00180956.4
14184,30358,IPI:IPI00411506.1
14184,19149,IPI:IPI00479007.1
14184,18307,IPI:IPI00332489.3
14184,30296,IPI:IPI00332588.4
14184,12111,IPI:IPI00019359.2
14184,4613,IPI:IPI00217963.2
14184,9272,IPI:IPI00171834.3
14184,9343,IPI:IPI00182562.2
14184,18454,IPI:IPI00384444.4
14184,11640,IPI:IPI00550818.2
14184,12810,IPI:IPI00184978.3
14184,13346,IPI:IPI00333429.2
14184,2990,IPI:IPI00015309.1
14184,11415,IPI:IPI00479145.1
14184,18338,IPI:IPI00335753.3
14184,13376,IPI:IPI00335614.3
14184,18080,IPI:IPI00240503.5
14184,17698,IPI:IPI00164375.6
14184,14451,IPI:IPI00479902.1
14184,13885,IPI:IPI00414173.2
14184,13839,IPI:IPI00412365.1
15609,56478,TRYP_PIG
23346,68325,P005|G3P_RABIT
30748,20924,IPI:IPI00549805.2
30748,23154,IPI:IPI00246022.3
30748,20578,IPI:IPI00440493.2
30748,20756,IPI:IPI00471928.3
216191,20924,IPI:IPI00549805.2
216191,20578,IPI:IPI00440493.2
216191,20756,IPI:IPI00471928.3
6671504,1251,IPI:IPI00298994.3
6709133,3347,IPI:IPI00026314.1
6709133,7776,IPI:IPI00513782.3
6709133,54665,IPI:IPI00377087.1
6732308,55414,IPI:IPI00395772.1
6732308,14962,IPI:IPI00019502.1
6732308,16268,IPI:IPI00395772.3
6732308,53969,IPI:IPI00332819.1
6732308,54047,IPI:IPI00333685.1
6771226,12368,IPI:IPI00037070.1
6771226,2570,IPI:IPI00003865.1
6771226,2720,IPI:IPI00007702.1
6859822,23680,IPI:IPI00456889.1
6859822,34240,IPI:IPI00385244.4
6859822,34270,IPI:IPI00453476.2
6859822,34294,IPI:IPI00549725.2
6859822,39761,IPI:IPI00218570.5
6882545,3347,IPI:IPI00026314.1
6882545,54665,IPI:IPI00377087.1
6948817,7355,IPI:IPI00472102.1
6948822,17972,IPI:IPI00219018.4
6948836,28315,IPI:IPI00515061.2
6948836,46582,IPI:IPI00220403.2
6948836,46575,IPI:IPI00152785.2
6948836,25108,IPI:IPI00018534.3
6948836,45933,IPI:IPI00166293.4
6948836,26146,IPI:IPI00554798.1
6948836,26138,IPI:IPI00554445.1
6948836,25121,IPI:IPI00020101.4
6948836,25822,IPI:IPI00419833.1
6948836,25619,IPI:IPI00377199.4
6948836,46560,IPI:IPI00003935.5
6948836,25559,IPI:IPI00329665.5
6948836,25513,IPI:IPI00303133.7
6948836,25281,IPI:IPI00152906.5
6948836,26002,IPI:IPI00477495.2
6948841,19456,IPI:IPI00013508.3
6948850,7911,IPI:IPI00549466.1
6948850,11235,IPI:IPI00472718.1
6948850,39141,IPI:IPI00027388.5
6948850,6716,IPI:IPI00419585.6
6948851,2553,IPI:IPI00003362.1
6948852,20867,IPI:IPI00513808.1
6948852,25988,IPI:IPI00472724.1
6948852,25143,IPI:IPI00025447.3
6948852,21878,IPI:IPI00382804.1
6948856,14875,IPI:IPI00013896.2
6948856,33008,IPI:IPI00552496.1
6948863,32056,IPI:IPI00386854.5
6948863,32096,IPI:IPI00396378.3
6948863,32304,IPI:IPI00414696.1
6948863,32764,IPI:IPI00477522.1
6948865,8811,IPI:IPI00030296.3
6948865,25667,IPI:IPI00385962.1
6948865,10053,IPI:IPI00328328.3
6948865,6078,IPI:IPI00386604.1
6948865,3326,IPI:IPI00025491.1
6948865,10630,IPI:IPI00409717.1
6948873,49676,IPI:IPI00009867.1
6948873,3160,IPI:IPI00021304.1
6948873,56472,K22E_HUMAN
6948873,53426,IPI:IPI00300725.2
6948873,53371,IPI:IPI00299145.4
6948873,53236,IPI:IPI00296350.3
6948873,53139,IPI:IPI00293665.4
6948873,52739,IPI:IPI00241841.4
6948873,52725,IPI:IPI00240020.5
6948873,24582,IPI:IPI00386438.2
6948873,24406,IPI:IPI00299145.8
6948873,24390,IPI:IPI00293665.6
6948873,22429,IPI:IPI00479403.2
6948873,17194,IPI:IPI00009867.2
6948873,26691,IPI:IPI00300725.6
6948873,9699,IPI:IPI00241841.6
6948873,14753,IPI:IPI00005859.1
6948879,14962,IPI:IPI00019502.1
6948880,7045,IPI:IPI00455259.1
6948880,19278,IPI:IPI00552125.1
6948880,8475,IPI:IPI00013944.2
6948880,9442,IPI:IPI00216592.1
6948890,19530,IPI:IPI00021439.1
6948890,19531,IPI:IPI00021440.1
6948890,20939,IPI:IPI00550724.2
6948892,19572,IPI:IPI00025416.1
6948892,20939,IPI:IPI00550724.2
6948892,20909,IPI:IPI00515047.1
6948892,20891,IPI:IPI00514530.3
6948892,19545,IPI:IPI00023006.1
6948892,19531,IPI:IPI00021440.1
6948892,19530,IPI:IPI00021439.1
6948892,19529,IPI:IPI00021428.1
6948892,19401,IPI:IPI00008603.1
6948892,6916,IPI:IPI00444605.1
6948892,20502,IPI:IPI00414057.2
6948898,29899,IPI:IPI00031562.1
6948898,30135,IPI:IPI00552873.1
6948898,30005,IPI:IPI00339274.4
6948898,29981,IPI:IPI00303315.3
6948898,29973,IPI:IPI00291764.2
6948898,29971,IPI:IPI00255316.4
6948898,29964,IPI:IPI00220855.3
6948898,29945,IPI:IPI00216457.6
6948898,29944,IPI:IPI00216456.4
6948898,29911,IPI:IPI00081836.1
6948898,29889,IPI:IPI00026272.1
6948898,29957,IPI:IPI00219037.4
6948898,29948,IPI:IPI00216730.1
6948898,12391,IPI:IPI00045109.1
6948898,29917,IPI:IPI00102165.1
6948899,2553,IPI:IPI00003362.1
6948901,12368,IPI:IPI00037070.1
6948901,2720,IPI:IPI00007702.1
6948901,2570,IPI:IPI00003865.1
6948903,32584,IPI:IPI00455423.1
6948903,15068,IPI:IPI00027499.1
6948903,17040,IPI:IPI00554482.1
6948903,20018,IPI:IPI00220740.1
6948922,2553,IPI:IPI00003362.1
6948929,15068,IPI:IPI00027499.1
6948929,20018,IPI:IPI00220740.1
6948929,16956,IPI:IPI00549248.3
6948929,20822,IPI:IPI00478731.1
6948929,17040,IPI:IPI00554482.1
6948930,29971,IPI:IPI00255316.4
6948930,30135,IPI:IPI00552873.1
6948930,30005,IPI:IPI00339274.4
6948930,29973,IPI:IPI00291764.2
6948930,29964,IPI:IPI00220855.3
6948930,29945,IPI:IPI00216457.6
6948930,29911,IPI:IPI00081836.1
6948930,29917,IPI:IPI00102165.1
6948987,13211,IPI:IPI00301277.1
6948987,2553,IPI:IPI00003362.1
6948987,18240,IPI:IPI00304925.1
6948987,19214,IPI:IPI00514377.3
6948987,2570,IPI:IPI00003865.1
6948987,12368,IPI:IPI00037070.1
6948987,2720,IPI:IPI00007702.1
6948991,6716,IPI:IPI00419585.6
6948991,7911,IPI:IPI00549466.1
6949009,2570,IPI:IPI00003865.1
6949009,2720,IPI:IPI00007702.1
6949009,12368,IPI:IPI00037070.1
6949166,33711,IPI:IPI00218820.1
6949166,23311,IPI:IPI00374397.2
6949166,41883,IPI:IPI00216134.1
6949166,26526,IPI:IPI00178083.2
6949166,26582,IPI:IPI00218319.2
6949166,26774,IPI:IPI00382894.2
6949166,27095,IPI:IPI00477649.1
6949166,27127,IPI:IPI00479185.1
6949166,31969,IPI:IPI00384369.2
6949166,10868,IPI:IPI00442122.1
6949166,29536,IPI:IPI00018853.1
6949166,10884,IPI:IPI00442894.1
6949166,9848,IPI:IPI00296039.7
6949166,9654,IPI:IPI00220709.3
6949166,9467,IPI:IPI00216975.1
6949166,9422,IPI:IPI00216135.1
6949166,8490,IPI:IPI00014581.1
6949166,8476,IPI:IPI00013991.1
6949166,8137,IPI:IPI00000230.5
6949166,2835,IPI:IPI00010779.3
6949166,10993,IPI:IPI00455050.1
6949166,11495,IPI:IPI00513698.1
6949515,30661,IPI:IPI00012048.1
6949515,31851,IPI:IPI00375531.1
6949515,30896,IPI:IPI00026260.1
6949515,30948,IPI:IPI00029091.1
6949763,20939,IPI:IPI00550724.2
6949763,59552,IPI:IPI00397206.1
6949763,58183,IPI:IPI00248359.3
6949763,56286,IPI:IPI00401614.1
6949763,55056,IPI:IPI00385560.1
6949763,51173,IPI:IPI00157721.4
6949763,22029,IPI:IPI00401614.2
6949763,19545,IPI:IPI00023006.1
6949763,21413,IPI:IPI00157721.7
6949763,19529,IPI:IPI00021428.1
6949763,20039,IPI:IPI00248359.4
6949763,19401,IPI:IPI00008603.1
6949763,20909,IPI:IPI00515047.1
6949763,19530,IPI:IPI00021439.1
6949763,19531,IPI:IPI00021440.1
6949763,19572,IPI:IPI00025416.1
6949763,20502,IPI:IPI00414057.2
6949763,20891,IPI:IPI00514530.3
6950879,18730,IPI:IPI00414676.5
6950879,18329,IPI:IPI00334775.3
6951213,19572,IPI:IPI00025416.1
6951213,52879,IPI:IPI00258879.3
6951213,20939,IPI:IPI00550724.2
6951213,20909,IPI:IPI00515047.1
6951213,55056,IPI:IPI00385560.1
6951213,20502,IPI:IPI00414057.2
6951213,19531,IPI:IPI00021440.1
6951213,19530,IPI:IPI00021439.1
6951213,19529,IPI:IPI00021428.1
6951213,19401,IPI:IPI00008603.1
6951213,6916,IPI:IPI00444605.1
6951213,20891,IPI:IPI00514530.3
6951213,19545,IPI:IPI00023006.1
6952291,2553,IPI:IPI00003362.1
6952411,17648,IPI:IPI00141795.4
6952411,65896,IPI:IPI00160438.1
6952411,65270,IPI:IPI00384316.1
6952411,65073,IPI:IPI00179700.1
6952411,65071,IPI:IPI00177716.2
6952411,65021,IPI:IPI00141795.2
6952411,63247,IPI:IPI00395709.1
6952411,41682,IPI:IPI00179700.3
6952411,17823,IPI:IPI00177716.5
6952411,16407,IPI:IPI00411457.2
6952411,18907,IPI:IPI00450855.1
6952482,41405,IPI:IPI00005537.2
6952482,66002,IPI:IPI00334556.1
6952482,37808,IPI:IPI00386010.1
6952487,20578,IPI:IPI00440493.2
6952487,20756,IPI:IPI00471928.3
6952487,20924,IPI:IPI00549805.2
6952494,2553,IPI:IPI00003362.1
6952498,20578,IPI:IPI00440493.2
6952498,20756,IPI:IPI00471928.3
6952498,20924,IPI:IPI00549805.2
6952518,18730,IPI:IPI00414676.5
6952518,41319,IPI:IPI00411633.3
6952518,18329,IPI:IPI00334775.3
6952518,12259,IPI:IPI00027230.3
6952518,41377,IPI:IPI00514027.1
6952604,33828,IPI:IPI00076042.2
6952604,53847,IPI:IPI00329351.3
6952617,29876,IPI:IPI00020599.1
6952818,19572,IPI:IPI00025416.1
6952818,19529,IPI:IPI00021428.1
6952818,55056,IPI:IPI00385560.1
6952818,20909,IPI:IPI00515047.1
6952818,20891,IPI:IPI00514530.3
6952818,20502,IPI:IPI00414057.2
6952818,19339,IPI:IPI00003269.1
6952818,19530,IPI:IPI00021439.1
6952818,19531,IPI:IPI00021440.1
6952818,19401,IPI:IPI00008603.1
6952818,19545,IPI:IPI00023006.1
6952992,12853,IPI:IPI00216318.4
6954164,19023,IPI:IPI00465439.4
6954164,19246,IPI:IPI00549682.1
6954364,18121,IPI:IPI00291006.1
6954828,28348,IPI:IPI00007188.4
6954828,63522,IPI:IPI00007188.1
6954828,56889,IPI:IPI00022891.1
6954828,53018,IPI:IPI00291467.1
6954828,29972,IPI:IPI00291467.4
6954828,21236,IPI:IPI00022891.2
6954828,30631,IPI:IPI00010420.1
6954856,15674,IPI:IPI00219365.2
6954856,16944,IPI:IPI00514912.1
6954971,4854,IPI:IPI00220644.6
6954971,5881,IPI:IPI00383237.3
6954971,7656,IPI:IPI00479186.2
6954978,27903,IPI:IPI00440662.1
6954978,15524,IPI:IPI00186290.5
6954996,19246,IPI:IPI00549682.1
6954996,19023,IPI:IPI00465439.4
6955005,9702,IPI:IPI00243603.5
6955005,4854,IPI:IPI00220644.6
6955005,5881,IPI:IPI00383237.3
6955005,7656,IPI:IPI00479186.2
6955012,21951,IPI:IPI00387144.4
6955012,15373,IPI:IPI00166768.1
6955012,21505,IPI:IPI00180675.4
6955012,21584,IPI:IPI00218343.4
6955012,21776,IPI:IPI00328163.1
6955014,14962,IPI:IPI00019502.1
6955022,14158,IPI:IPI00455463.1
6955022,5831,IPI:IPI00382470.2
6955037,15431,IPI:IPI00169383.2
6955038,31862,IPI:IPI00376163.2
6955038,35834,IPI:IPI00299633.3
6955038,35946,IPI:IPI00554778.1
6955038,42096,IPI:IPI00220828.4
6955038,45940,IPI:IPI00180240.2
6955043,12151,IPI:IPI00021716.1
6955052,25779,IPI:IPI00411704.2
6955052,35586,IPI:IPI00218084.4
6955052,25041,IPI:IPI00006935.1
6955052,15224,IPI:IPI00069363.3
6955052,25611,IPI:IPI00376005.1
6955060,5831,IPI:IPI00382470.2
6955060,14158,IPI:IPI00455463.1
6955086,45940,IPI:IPI00180240.2
6955086,31862,IPI:IPI00376163.2
6955086,35834,IPI:IPI00299633.3
6955086,35946,IPI:IPI00554778.1
6955086,42096,IPI:IPI00220828.4
6955105,28799,IPI:IPI00012011.3
6955108,27295,IPI:IPI00013683.2
6955108,27457,IPI:IPI00152453.1
6955108,27465,IPI:IPI00160897.3
6955108,28058,IPI:IPI00549172.2
6955108,27265,IPI:IPI00007752.1
6955117,2570,IPI:IPI00003865.1
6955117,12368,IPI:IPI00037070.1
6955130,15524,IPI:IPI00186290.5
6955133,12368,IPI:IPI00037070.1
6955133,2570,IPI:IPI00003865.1
6955140,15619,IPI:IPI00217966.4
6955158,2570,IPI:IPI00003865.1
6955158,12368,IPI:IPI00037070.1
6955250,4854,IPI:IPI00220644.6
6955250,5881,IPI:IPI00383237.3
6955250,7656,IPI:IPI00479186.2
6955279,25143,IPI:IPI00025447.3
6955279,25988,IPI:IPI00472724.1
6955279,25086,IPI:IPI00014424.1
6955279,21878,IPI:IPI00382804.1
6955279,20867,IPI:IPI00513808.1
6955281,5881,IPI:IPI00383237.3
6955281,7656,IPI:IPI00479186.2
6955281,4854,IPI:IPI00220644.6
6955290,3377,IPI:IPI00027165.1
6955290,4854,IPI:IPI00220644.6
6955290,5584,IPI:IPI00334779.2
6955290,5881,IPI:IPI00383237.3
6955290,7656,IPI:IPI00479186.2
6955366,43137,IPI:IPI00375400.2
6955366,43059,IPI:IPI00027350.1
6955366,28332,IPI:IPI00000874.1
6955622,5881,IPI:IPI00383237.3
6955622,7656,IPI:IPI00479186.2
6955622,4854,IPI:IPI00220644.6
6955744,27287,IPI:IPI00011654.2
6955744,44158,IPI:IPI00217903.3
6955793,39761,IPI:IPI00218570.5
6955793,27735,IPI:IPI00374975.2
6955793,34240,IPI:IPI00385244.4
6955793,34270,IPI:IPI00453476.2
6955793,34294,IPI:IPI00549725.2
6955930,5831,IPI:IPI00382470.2
6955953,5881,IPI:IPI00383237.3
6955953,7656,IPI:IPI00479186.2
6955953,52623,IPI:IPI00220644.5
6955953,53765,IPI:IPI00328347.1
6955953,54799,IPI:IPI00383237.1
6955953,4854,IPI:IPI00220644.6
6956456,26526,IPI:IPI00178083.2
6956456,38918,IPI:IPI00377005.1
6956456,32580,IPI:IPI00455401.3
6956456,27127,IPI:IPI00479185.1
6956456,27115,IPI:IPI00478716.3
6956456,6575,IPI:IPI00413340.1
6956456,42407,IPI:IPI00414667.1
6956456,34251,IPI:IPI00411735.1
6956456,26582,IPI:IPI00218319.2
6956456,26583,IPI:IPI00218320.2
6957246,30896,IPI:IPI00026260.1
6957246,30948,IPI:IPI00029091.1
6958490,32692,IPI:IPI00465028.4
6959124,27287,IPI:IPI00011654.2
6959124,28062,IPI:IPI00549853.2
6959124,28058,IPI:IPI00549172.2
6959124,27457,IPI:IPI00152453.1
6959124,27390,IPI:IPI00031370.3
6959124,27293,IPI:IPI00013475.1
6959124,27265,IPI:IPI00007752.1
6959124,27295,IPI:IPI00013683.2
6959132,19530,IPI:IPI00021439.1
6959132,19531,IPI:IPI00021440.1
6959132,20939,IPI:IPI00550724.2
6959135,27287,IPI:IPI00011654.2
6959151,15619,IPI:IPI00217966.4
6959151,16570,IPI:IPI00442522.1
6959173,19572,IPI:IPI00025416.1
6959173,50206,IPI:IPI00024323.4
6959173,22264,IPI:IPI00455552.1
6959173,20939,IPI:IPI00550724.2
6959173,20891,IPI:IPI00514530.3
6959173,56286,IPI:IPI00401614.1
6959173,19545,IPI:IPI00023006.1
6959173,19531,IPI:IPI00021440.1
6959173,19530,IPI:IPI00021439.1
6959173,19529,IPI:IPI00021428.1
6959173,19401,IPI:IPI00008603.1
6959173,19339,IPI:IPI00003269.1
6959173,20909,IPI:IPI00515047.1
6959176,27390,IPI:IPI00031370.3
6959176,28058,IPI:IPI00549172.2
6959176,27457,IPI:IPI00152453.1
6959176,27295,IPI:IPI00013683.2
6959176,27293,IPI:IPI00013475.1
6959176,27265,IPI:IPI00007752.1
6959176,28062,IPI:IPI00549853.2
6959176,27287,IPI:IPI00011654.2
6959185,21776,IPI:IPI00328163.1
6959185,22521,IPI:IPI00552356.1
6959185,35349,IPI:IPI00216005.5
6959185,22099,IPI:IPI00414274.2
6959185,22050,IPI:IPI00410402.1
6959185,21951,IPI:IPI00387144.4
6959185,21584,IPI:IPI00218343.4
6959185,21505,IPI:IPI00180675.4
6959185,21501,IPI:IPI00179709.4
6959185,18358,IPI:IPI00374048.2
6959185,14787,IPI:IPI00007750.1
6959185,21585,IPI:IPI00218345.1
6959186,7911,IPI:IPI00549466.1
6959186,11235,IPI:IPI00472718.1
6959186,10600,IPI:IPI00402104.3
6959186,6716,IPI:IPI00419585.6
6959186,10601,IPI:IPI00402137.3
6959212,2570,IPI:IPI00003865.1
6959212,12368,IPI:IPI00037070.1
6959212,35428,IPI:IPI00397340.2
6959212,45679,IPI:IPI00457325.1
6959218,2869,IPI:IPI00012007.5
6959221,31516,IPI:IPI00219568.3
6959221,15431,IPI:IPI00169383.2
6959226,24045,IPI:IPI00021263.3
6959226,24273,IPI:IPI00180776.2
6959226,50085,IPI:IPI00021263.1
6959226,62582,IPI:IPI00180776.1
6959230,46605,IPI:IPI00451401.2
6959230,23362,IPI:IPI00383071.1
6959230,32692,IPI:IPI00465028.4
6959237,47823,IPI:IPI00066374.1
6959237,45616,IPI:IPI00335168.8
6959237,27079,IPI:IPI00473069.1
6959237,43898,IPI:IPI00413922.2
6959245,21585,IPI:IPI00218345.1
6959245,22521,IPI:IPI00552356.1
6959245,21951,IPI:IPI00387144.4
6959245,22050,IPI:IPI00410402.1
6959245,21776,IPI:IPI00328163.1
6959245,21505,IPI:IPI00180675.4
6959245,21501,IPI:IPI00179709.4
6959245,14787,IPI:IPI00007750.1
6959245,11399,IPI:IPI00478908.1
6959245,22099,IPI:IPI00414274.2
6959245,21584,IPI:IPI00218343.4
6959269,21585,IPI:IPI00218345.1
6959269,35349,IPI:IPI00216005.5
6959269,22521,IPI:IPI00552356.1
6959269,22099,IPI:IPI00414274.2
6959269,22050,IPI:IPI00410402.1
6959269,21776,IPI:IPI00328163.1
6959269,21584,IPI:IPI00218343.4
6959269,21505,IPI:IPI00180675.4
6959269,21501,IPI:IPI00179709.4
6959269,15373,IPI:IPI00166768.1
6959269,14787,IPI:IPI00007750.1
6959269,21951,IPI:IPI00387144.4
6959327,20909,IPI:IPI00515047.1
6959327,19401,IPI:IPI00008603.1
6959327,19529,IPI:IPI00021428.1
6959327,19545,IPI:IPI00023006.1
6959327,19572,IPI:IPI00025416.1
6959327,20502,IPI:IPI00414057.2
6959426,12368,IPI:IPI00037070.1
6959426,2570,IPI:IPI00003865.1
6959443,5831,IPI:IPI00382470.2
6959443,18329,IPI:IPI00334775.3
6959443,18730,IPI:IPI00414676.5
6959443,22265,IPI:IPI00455599.1
6959443,24111,IPI:IPI00031523.1
6959492,12368,IPI:IPI00037070.1
6959492,19214,IPI:IPI00514377.3
6959492,18240,IPI:IPI00304925.1
6959492,17213,IPI:IPI00011134.1
6959492,13211,IPI:IPI00301277.1
6959492,2720,IPI:IPI00007702.1
6959492,2570,IPI:IPI00003865.1
6959492,16074,IPI:IPI00339269.1
6959931,35428,IPI:IPI00397340.2
6959931,45679,IPI:IPI00457325.1
6959931,2570,IPI:IPI00003865.1
6959931,2720,IPI:IPI00007702.1
6959931,12368,IPI:IPI00037070.1
6959974,14962,IPI:IPI00019502.1
6959974,16268,IPI:IPI00395772.3
6960369,20909,IPI:IPI00515047.1
6960369,55056,IPI:IPI00385560.1
6960369,52879,IPI:IPI00258879.3
6960369,19401,IPI:IPI00008603.1
6960369,27024,IPI:IPI00455685.1
6960369,20891,IPI:IPI00514530.3
6960369,20502,IPI:IPI00414057.2
6960369,19572,IPI:IPI00025416.1
6960369,19545,IPI:IPI00023006.1
6960369,19531,IPI:IPI00021440.1
6960369,19530,IPI:IPI00021439.1
6960369,19529,IPI:IPI00021428.1
6960369,37533,IPI:IPI00455475.1
6960448,5881,IPI:IPI00383237.3
6960581,20837,IPI:IPI00479359.5
6960581,20917,IPI:IPI00549319.2
6960741,25988,IPI:IPI00472724.1
6960741,48712,IPI:IPI00431441.1
6960741,45052,IPI:IPI00455630.1
6960741,42700,IPI:IPI00431701.1
6960741,25143,IPI:IPI00025447.3
6960741,25086,IPI:IPI00014424.1
6960741,20867,IPI:IPI00513808.1
6960741,7076,IPI:IPI00455628.1
6960741,25360,IPI:IPI00180730.1
6960935,19545,IPI:IPI00023006.1
6960935,20939,IPI:IPI00550724.2
6960935,19572,IPI:IPI00025416.1
6960935,19531,IPI:IPI00021440.1
6960935,19530,IPI:IPI00021439.1
6960935,19529,IPI:IPI00021428.1
6960935,19401,IPI:IPI00008603.1
6960935,19339,IPI:IPI00003269.1
6960935,20891,IPI:IPI00514530.3
6962171,22325,IPI:IPI00465248.4
6962223,28799,IPI:IPI00012011.3
6962223,29025,IPI:IPI00413344.2
6962302,2570,IPI:IPI00003865.1
6962302,2720,IPI:IPI00007702.1
6962302,19214,IPI:IPI00514377.3
6962302,18240,IPI:IPI00304925.1
6962302,13211,IPI:IPI00301277.1
6962302,2553,IPI:IPI00003362.1
6962302,45679,IPI:IPI00457325.1
6962302,35428,IPI:IPI00397340.2
6962302,21665,IPI:IPI00258514.3
6962302,12368,IPI:IPI00037070.1
6962317,2958,IPI:IPI00014230.1
6962343,34980,IPI:IPI00025252.1
6962345,9975,IPI:IPI00303476.1
6962346,12853,IPI:IPI00216318.4
6962378,29876,IPI:IPI00020599.1
6962431,2389,IPI:IPI00550984.1
6962431,2836,IPI:IPI00010796.1
6962431,6621,IPI:IPI00414286.3
6963089,22264,IPI:IPI00455552.1
6963089,58183,IPI:IPI00248359.3
6963089,56286,IPI:IPI00401614.1
6963089,55056,IPI:IPI00385560.1
6963089,54125,IPI:IPI00334610.1
6963089,51173,IPI:IPI00157721.4
6963089,50206,IPI:IPI00024323.4
6963089,59552,IPI:IPI00397206.1
6963089,25569,IPI:IPI00333470.1
6963089,21413,IPI:IPI00157721.7
6963089,20939,IPI:IPI00550724.2
6963089,20909,IPI:IPI00515047.1
6963089,20502,IPI:IPI00414057.2
6963089,20039,IPI:IPI00248359.4
6963089,19545,IPI:IPI00023006.1
6963089,19531,IPI:IPI00021440.1
6963089,19530,IPI:IPI00021439.1
6963089,19529,IPI:IPI00021428.1
6963089,37749,IPI:IPI00334610.2
6963089,22029,IPI:IPI00401614.2
6963762,52596,IPI:IPI00220327.1
6964216,34980,IPI:IPI00025252.1
6964351,15524,IPI:IPI00186290.5
6964368,18577,IPI:IPI00398950.2
6964368,7076,IPI:IPI00455628.1
6964368,20867,IPI:IPI00513808.1
6964368,25086,IPI:IPI00014424.1
6964368,25143,IPI:IPI00025447.3
6964368,25360,IPI:IPI00180730.1
6964368,25988,IPI:IPI00472724.1
6964437,2570,IPI:IPI00003865.1
6964437,12368,IPI:IPI00037070.1
6964632,19530,IPI:IPI00021439.1
6964632,20939,IPI:IPI00550724.2
6964632,19531,IPI:IPI00021440.1
6964781,250,IPI:IPI00009328.2
6964781,3326,IPI:IPI00025491.1
6964781,10053,IPI:IPI00328328.3
6964781,10630,IPI:IPI00409717.1
6965956,907,IPI:IPI00216746.1
6965956,2293,IPI:IPI00514561.1
6965956,891,IPI:IPI00216049.1
6966154,30296,IPI:IPI00332588.4
6966154,26118,IPI:IPI00550909.2
6966154,25299,IPI:IPI00164540.6
6966154,25572,IPI:IPI00333662.3
6966154,20638,IPI:IPI00450768.4
6966154,19149,IPI:IPI00479007.1
6966154,25783,IPI:IPI00411834.2
6966154,21086,IPI:IPI00009865.1
6966154,26654,IPI:IPI00290077.1
6966154,29653,IPI:IPI00295684.1
6966154,29698,IPI:IPI00383111.1
6966154,30232,IPI:IPI00180956.4
6966154,30358,IPI:IPI00411506.1
6966154,39868,IPI:IPI00184195.2
6966154,13376,IPI:IPI00335614.3
6966154,30229,IPI:IPI00176703.4
6966154,9272,IPI:IPI00171834.3
6966154,18454,IPI:IPI00384444.4
6966154,4613,IPI:IPI00217963.2
6966154,9343,IPI:IPI00182562.2
6966154,11415,IPI:IPI00479145.1
6966154,11640,IPI:IPI00550818.2
6966154,12810,IPI:IPI00184978.3
6966154,13346,IPI:IPI00333429.2
6966154,18338,IPI:IPI00335753.3
6966154,13839,IPI:IPI00412365.1
6966154,14451,IPI:IPI00479902.1
6966154,17698,IPI:IPI00164375.6
6966154,18080,IPI:IPI00240503.5
6966154,2990,IPI:IPI00015309.1
6966154,18307,IPI:IPI00332489.3
6966154,13885,IPI:IPI00414173.2
6966529,1850,IPI:IPI00432409.1
6966529,1273,IPI:IPI00301844.2
6966654,29948,IPI:IPI00216730.1
6966654,12529,IPI:IPI00141938.3
6966654,33156,IPI:IPI00249267.1
6966654,30135,IPI:IPI00552873.1
6966654,30005,IPI:IPI00339274.4
6966654,29981,IPI:IPI00303315.3
6966654,29973,IPI:IPI00291764.2
6966654,29971,IPI:IPI00255316.4
6966654,29964,IPI:IPI00220855.3
6966654,29957,IPI:IPI00219037.4
6966654,48553,IPI:IPI00398805.1
6966654,29945,IPI:IPI00216457.6
6966654,29944,IPI:IPI00216456.4
6966654,29917,IPI:IPI00102165.1
6966654,29911,IPI:IPI00081836.1
6966654,29899,IPI:IPI00031562.1
6966654,29889,IPI:IPI00026272.1
6966654,14666,IPI:IPI00554720.1
6966654,12937,IPI:IPI00218448.3
6966654,12391,IPI:IPI00045109.1
6966654,12092,IPI:IPI00018278.1
6966654,13398,IPI:IPI00373807.1
6967046,34350,IPI:IPI00175108.3
6967046,2293,IPI:IPI00514561.1
6967046,907,IPI:IPI00216746.1
6967046,891,IPI:IPI00216049.1
6967172,29860,IPI:IPI00010471.1
6967174,25611,IPI:IPI00376005.1
6967174,25779,IPI:IPI00411704.2
6967188,14962,IPI:IPI00019502.1
6967192,27196,IPI:IPI00550363.1
6967192,26323,IPI:IPI00024057.2
6967200,47577,IPI:IPI00003734.1
6967200,39039,IPI:IPI00013895.1
6967200,45265,IPI:IPI00029574.1
6967204,29488,IPI:IPI00000816.1
6967210,27390,IPI:IPI00031370.3
6967210,28062,IPI:IPI00549853.2
6967210,28058,IPI:IPI00549172.2
6967210,27465,IPI:IPI00160897.3
6967210,27339,IPI:IPI00023598.1
6967210,27293,IPI:IPI00013475.1
6967210,27265,IPI:IPI00007752.1
6967210,27287,IPI:IPI00011654.2
6967211,21951,IPI:IPI00387144.4
6967211,22521,IPI:IPI00552356.1
6967211,22099,IPI:IPI00414274.2
6967211,22050,IPI:IPI00410402.1
6967211,21501,IPI:IPI00179709.4
6967211,21585,IPI:IPI00218345.1
6967211,21505,IPI:IPI00180675.4
6967211,21584,IPI:IPI00218343.4
6967211,15373,IPI:IPI00166768.1
6967211,21776,IPI:IPI00328163.1
6967213,29488,IPI:IPI00000816.1
6967223,16289,IPI:IPI00396479.1
6967223,24045,IPI:IPI00021263.3
6967223,24273,IPI:IPI00180776.2
6967227,22325,IPI:IPI00465248.4
6967233,18329,IPI:IPI00334775.3
6967233,18730,IPI:IPI00414676.5
6967237,27287,IPI:IPI00011654.2
6967237,27339,IPI:IPI00023598.1
6967242,24045,IPI:IPI00021263.3
6967242,24273,IPI:IPI00180776.2
6967242,50085,IPI:IPI00021263.1
6967242,62582,IPI:IPI00180776.1
6967255,18329,IPI:IPI00334775.3
6967255,18730,IPI:IPI00414676.5
6967255,5831,IPI:IPI00382470.2
6967261,18730,IPI:IPI00414676.5
6967261,18329,IPI:IPI00334775.3
6967263,21090,IPI:IPI00010154.3
6967263,34330,IPI:IPI00031461.1
6967263,42015,IPI:IPI00514395.1
6967271,22676,IPI:IPI00012507.2
6967277,15431,IPI:IPI00169383.2
6967282,31546,IPI:IPI00220642.4
6967287,18730,IPI:IPI00414676.5
6967287,18329,IPI:IPI00334775.3
6967289,60429,IPI:IPI00075248.1
6967289,34337,IPI:IPI00075248.5
6967289,60941,IPI:IPI00233214.2
6967289,60478,IPI:IPI00105585.5
6967289,60435,IPI:IPI00081025.1
6967289,34450,IPI:IPI00550073.1
6967289,34449,IPI:IPI00549728.2
6967289,34381,IPI:IPI00386621.1
6967289,34435,IPI:IPI00478156.1
6967292,15431,IPI:IPI00169383.2
6967293,34240,IPI:IPI00385244.4
6967293,34270,IPI:IPI00453476.2
6967293,34294,IPI:IPI00549725.2
6967294,46605,IPI:IPI00451401.2
6967294,23362,IPI:IPI00383071.1
6967294,32692,IPI:IPI00465028.4
6967302,32692,IPI:IPI00465028.4
6967303,5831,IPI:IPI00382470.2
6967313,35349,IPI:IPI00216005.5
6967313,38062,IPI:IPI00017454.2
6967313,21951,IPI:IPI00387144.4
6967313,21776,IPI:IPI00328163.1
6967313,21584,IPI:IPI00218343.4
6967313,16044,IPI:IPI00335314.3
6967313,14787,IPI:IPI00007750.1
6967313,11399,IPI:IPI00478908.1
6967324,16268,IPI:IPI00395772.3
6967324,14962,IPI:IPI00019502.1
6967327,26323,IPI:IPI00024057.2
6967327,27196,IPI:IPI00550363.1
6967331,46978,IPI:IPI00293276.7
6967340,27646,IPI:IPI00292496.1
6967340,40625,IPI:IPI00182840.3
6967340,28058,IPI:IPI00549172.2
6967340,27265,IPI:IPI00007752.1
6967340,28037,IPI:IPI00514047.1
6967340,27718,IPI:IPI00335160.1
6967340,27465,IPI:IPI00160897.3
6967340,27403,IPI:IPI00034283.2
6967340,27390,IPI:IPI00031370.3
6967340,27287,IPI:IPI00011654.2
6967340,27293,IPI:IPI00013475.1
6967340,27519,IPI:IPI00174849.4
6967353,24045,IPI:IPI00021263.3
6967353,24273,IPI:IPI00180776.2
6967354,19023,IPI:IPI00465439.4
6967354,19246,IPI:IPI00549682.1
6967377,19531,IPI:IPI00021440.1
6967377,20039,IPI:IPI00248359.4
6967377,20939,IPI:IPI00550724.2
6967377,21413,IPI:IPI00157721.7
6967377,22029,IPI:IPI00401614.2
6967377,22264,IPI:IPI00455552.1
6967377,19530,IPI:IPI00021439.1
6967386,5831,IPI:IPI00382470.2
6967394,14962,IPI:IPI00019502.1
6967394,16268,IPI:IPI00395772.3
6967403,662,IPI:IPI00100160.2
6967423,19572,IPI:IPI00025416.1
6967423,58183,IPI:IPI00248359.3
6967423,56286,IPI:IPI00401614.1
6967423,55056,IPI:IPI00385560.1
6967423,22029,IPI:IPI00401614.2
6967423,20939,IPI:IPI00550724.2
6967423,20909,IPI:IPI00515047.1
6967423,20891,IPI:IPI00514530.3
6967423,20039,IPI:IPI00248359.4
6967423,19545,IPI:IPI00023006.1
6967423,19531,IPI:IPI00021440.1
6967423,19530,IPI:IPI00021439.1
6967423,19529,IPI:IPI00021428.1
6967423,19401,IPI:IPI00008603.1
6967423,50206,IPI:IPI00024323.4
6967423,22264,IPI:IPI00455552.1
6967423,59552,IPI:IPI00397206.1
6967423,20502,IPI:IPI00414057.2
6967452,24345,IPI:IPI00220301.4
6967454,27079,IPI:IPI00473069.1
6967454,43898,IPI:IPI00413922.2
6967454,45616,IPI:IPI00335168.8
6967454,47823,IPI:IPI00066374.1
6967455,21585,IPI:IPI00218345.1
6967455,35349,IPI:IPI00216005.5
6967455,22521,IPI:IPI00552356.1
6967455,22099,IPI:IPI00414274.2
6967455,21951,IPI:IPI00387144.4
6967455,21584,IPI:IPI00218343.4
6967455,21505,IPI:IPI00180675.4
6967455,21501,IPI:IPI00179709.4
6967455,16044,IPI:IPI00335314.3
6967455,14787,IPI:IPI00007750.1
6967455,38062,IPI:IPI00017454.2
6967455,22050,IPI:IPI00410402.1
6967475,21501,IPI:IPI00179709.4
6967475,21776,IPI:IPI00328163.1
6967475,21658,IPI:IPI00253411.2
6967475,35349,IPI:IPI00216005.5
6967475,22521,IPI:IPI00552356.1
6967475,22099,IPI:IPI00414274.2
6967475,22050,IPI:IPI00410402.1
6967475,21951,IPI:IPI00387144.4
6967475,21505,IPI:IPI00180675.4
6967475,16044,IPI:IPI00335314.3
6967475,15373,IPI:IPI00166768.1
6967475,14787,IPI:IPI00007750.1
6967475,11399,IPI:IPI00478908.1
6967475,21584,IPI:IPI00218343.4
6967475,21585,IPI:IPI00218345.1
6967522,10600,IPI:IPI00402104.3
6967522,39141,IPI:IPI00027388.5
6967522,10601,IPI:IPI00402137.3
6967522,7911,IPI:IPI00549466.1
6967522,6716,IPI:IPI00419585.6
6967522,11235,IPI:IPI00472718.1
6967590,18329,IPI:IPI00334775.3
6967590,18730,IPI:IPI00414676.5
6967590,33466,IPI:IPI00514659.1
6967590,33468,IPI:IPI00515119.1
6967626,28799,IPI:IPI00012011.3
6967626,29025,IPI:IPI00413344.2
6967667,15524,IPI:IPI00186290.5
6967793,34557,IPI:IPI00398048.1
6967793,13527,IPI:IPI00384051.4
6967916,27735,IPI:IPI00374975.2
6967916,34240,IPI:IPI00385244.4
6967916,34270,IPI:IPI00453476.2
6967916,34294,IPI:IPI00549725.2
6967916,39761,IPI:IPI00218570.5
6967985,43828,IPI:IPI00216691.4
6968050,12151,IPI:IPI00021716.1
6968204,27287,IPI:IPI00011654.2
6968204,39791,IPI:IPI00398982.1
6968204,28062,IPI:IPI00549853.2
6968204,28058,IPI:IPI00549172.2
6968204,27465,IPI:IPI00160897.3
6968204,27457,IPI:IPI00152453.1
6968204,27403,IPI:IPI00034283.2
6968204,27390,IPI:IPI00031370.3
6968204,27339,IPI:IPI00023598.1
6968204,27293,IPI:IPI00013475.1
6968204,27265,IPI:IPI00007752.1
6968204,27295,IPI:IPI00013683.2
6968282,24273,IPI:IPI00180776.2
6968282,24045,IPI:IPI00021263.3
6968345,19456,IPI:IPI00013508.3
6968345,2939,IPI:IPI00013808.1
6968362,5831,IPI:IPI00382470.2
6968362,24111,IPI:IPI00031523.1
6968362,31950,IPI:IPI00384026.1
6968362,53783,IPI:IPI00328602.3
6968394,19530,IPI:IPI00021439.1
6968394,19531,IPI:IPI00021440.1
6968394,20939,IPI:IPI00550724.2
6968608,5560,IPI:IPI00333541.3
6968608,5337,IPI:IPI00302592.1
6968861,31523,IPI:IPI00219622.2
6969305,19456,IPI:IPI00013508.3
6969439,46113,IPI:IPI00376170.2
6969439,6716,IPI:IPI00419585.6
6969439,7911,IPI:IPI00549466.1
6969439,16900,IPI:IPI00480133.1
6969502,28413,IPI:IPI00216106.3
6969502,40149,IPI:IPI00290416.3
6969520,24273,IPI:IPI00180776.2
6969520,31546,IPI:IPI00220642.4
6969520,43668,IPI:IPI00216319.2
6969520,29488,IPI:IPI00000816.1
6969520,12853,IPI:IPI00216318.4
6969520,10669,IPI:IPI00411765.2
6969520,3075,IPI:IPI00018146.1
6969520,8474,IPI:IPI00013890.1
6969520,24045,IPI:IPI00021263.3
6969912,29860,IPI:IPI00010471.1
6970034,27293,IPI:IPI00013475.1
6970034,39791,IPI:IPI00398982.1
6970034,28062,IPI:IPI00549853.2
6970034,27390,IPI:IPI00031370.3
6970034,27287,IPI:IPI00011654.2
6970034,27265,IPI:IPI00007752.1
6970034,28058,IPI:IPI00549172.2
6970308,5851,IPI:IPI00382697.1
6970308,5854,IPI:IPI00382700.1
6970308,7483,IPI:IPI00477536.1
6970308,5853,IPI:IPI00382699.1
6970308,5852,IPI:IPI00382698.1
6970308,5560,IPI:IPI00333541.3
6970308,5337,IPI:IPI00302592.1
6970308,5011,IPI:IPI00289334.1
6970308,838,IPI:IPI00178352.3
6970308,1757,IPI:IPI00413958.2
6970308,7758,IPI:IPI00480131.1
6970308,5850,IPI:IPI00382696.1
6971193,58817,IPI:IPI00335250.1
6971193,62675,IPI:IPI00219365.1
6971193,52892,IPI:IPI00260020.2
6971193,26272,IPI:IPI00017367.1
6971193,58084,IPI:IPI00220313.1
6971193,9993,IPI:IPI00304755.2
6971193,9635,IPI:IPI00220314.1
6971193,9634,IPI:IPI00220312.1
6971193,1047,IPI:IPI00220308.1
6971193,52177,IPI:IPI00216311.4
6971193,39485,IPI:IPI00220315.1
6971244,12151,IPI:IPI00021716.1
6971247,19937,IPI:IPI00216298.5
6971247,20297,IPI:IPI00382841.1
6971247,20966,IPI:IPI00552768.1
6971268,27115,IPI:IPI00478716.3
6971268,38423,IPI:IPI00414662.1
6971268,6575,IPI:IPI00413340.1
6971268,38380,IPI:IPI00145540.5
6971268,38918,IPI:IPI00377005.1
6971268,35798,IPI:IPI00180173.4
6971268,27127,IPI:IPI00479185.1
6971268,26774,IPI:IPI00382894.2
6971268,26583,IPI:IPI00218320.2
6971268,26526,IPI:IPI00178083.2
6971268,9361,IPI:IPI00183968.1
6971268,2835,IPI:IPI00010779.3
6971268,9467,IPI:IPI00216975.1
6971268,27095,IPI:IPI00477649.1
6971274,43828,IPI:IPI00216691.4
6971277,25086,IPI:IPI00014424.1
6971277,37148,IPI:IPI00261023.5
6971277,25988,IPI:IPI00472724.1
6971277,25143,IPI:IPI00025447.3
6971277,39700,IPI:IPI00455434.1
6971277,20867,IPI:IPI00513808.1
6971277,29771,IPI:IPI00455055.2
6971277,7076,IPI:IPI00455628.1
6971277,1610,IPI:IPI00396490.2
6971277,25360,IPI:IPI00180730.1
6971285,11235,IPI:IPI00472718.1
6971285,39141,IPI:IPI00027388.5
6971285,42583,IPI:IPI00106604.3
6971285,36686,IPI:IPI00397019.2
6971285,35170,IPI:IPI00173720.2
6971285,32334,IPI:IPI00419262.1
6971285,32109,IPI:IPI00397191.2
6971285,23946,IPI:IPI00007346.1
6971285,19563,IPI:IPI00024129.1
6971285,11142,IPI:IPI00457219.1
6971285,10601,IPI:IPI00402137.3
6971285,10600,IPI:IPI00402104.3
6971285,10235,IPI:IPI00376771.2
6971285,10185,IPI:IPI00374732.2
6971285,7911,IPI:IPI00549466.1
6971285,6792,IPI:IPI00431795.2
6971285,42574,IPI:IPI00073603.3
6971285,6716,IPI:IPI00419585.6
6971394,16289,IPI:IPI00396479.1
6971394,24273,IPI:IPI00180776.2
6971394,24045,IPI:IPI00021263.3
6971403,31699,IPI:IPI00298547.3
6971406,18329,IPI:IPI00334775.3
6971406,18730,IPI:IPI00414676.5
6971462,5472,IPI:IPI00328762.3
6971462,27912,IPI:IPI00443459.1
6971462,5831,IPI:IPI00382470.2
6971668,12151,IPI:IPI00021716.1
6971824,35946,IPI:IPI00554778.1
6971824,47159,IPI:IPI00376165.2
6971824,45940,IPI:IPI00180240.2
6971824,38992,IPI:IPI00376164.2
6971824,35834,IPI:IPI00299633.3
6971824,31862,IPI:IPI00376163.2
6971824,7795,IPI:IPI00514002.1
6971824,42096,IPI:IPI00220828.4
6971858,43763,IPI:IPI00553016.1
6971858,3075,IPI:IPI00018146.1
6971858,8474,IPI:IPI00013890.1
6971858,10669,IPI:IPI00411765.2
6971858,12853,IPI:IPI00216318.4
6971858,24045,IPI:IPI00021263.3
6971858,24273,IPI:IPI00180776.2
6971858,29488,IPI:IPI00000816.1
6971858,31546,IPI:IPI00220642.4
6971858,43668,IPI:IPI00216319.2
6976046,12835,IPI:IPI00216047.3
6976046,12533,IPI:IPI00150057.4
6976215,2553,IPI:IPI00003362.1
6976222,5831,IPI:IPI00382470.2
6976227,46922,IPI:IPI00215790.5
6976228,15431,IPI:IPI00169383.2
6976252,17254,IPI:IPI00013894.1
6976252,19182,IPI:IPI00479946.2
6976293,2570,IPI:IPI00003865.1
6976293,12368,IPI:IPI00037070.1
6976322,20837,IPI:IPI00479359.5
6976322,20917,IPI:IPI00549319.2
6976322,16944,IPI:IPI00514912.1
6976322,15674,IPI:IPI00219365.2
6976322,26272,IPI:IPI00017367.1
6976340,17972,IPI:IPI00219018.4
6976340,52464,IPI:IPI00219018.1
6976351,27457,IPI:IPI00152453.1
6976351,44888,IPI:IPI00006510.1
6976351,40625,IPI:IPI00182840.3
6976351,28062,IPI:IPI00549853.2
6976351,28058,IPI:IPI00549172.2
6976351,28037,IPI:IPI00514047.1
6976351,27718,IPI:IPI00335160.1
6976351,27646,IPI:IPI00292496.1
6976351,27519,IPI:IPI00174849.4
6976351,27465,IPI:IPI00160897.3
6976351,44158,IPI:IPI00217903.3
6976351,27390,IPI:IPI00031370.3
6976351,27339,IPI:IPI00023598.1
6976351,27319,IPI:IPI00018511.1
6976351,27295,IPI:IPI00013683.2
6976351,27293,IPI:IPI00013475.1
6976351,27287,IPI:IPI00011654.2
6976351,27265,IPI:IPI00007752.1
6976351,27403,IPI:IPI00034283.2
6976351,6271,IPI:IPI00397746.2
6976357,16944,IPI:IPI00514912.1
6976357,15674,IPI:IPI00219365.2
6976364,22521,IPI:IPI00552356.1
6976364,22099,IPI:IPI00414274.2
6976364,21951,IPI:IPI00387144.4
6976364,21776,IPI:IPI00328163.1
6976364,21501,IPI:IPI00179709.4
6976364,21585,IPI:IPI00218345.1
6976364,35349,IPI:IPI00216005.5
6976364,21505,IPI:IPI00180675.4
6976364,16044,IPI:IPI00335314.3
6976364,15373,IPI:IPI00166768.1
6976364,14787,IPI:IPI00007750.1
6976364,11399,IPI:IPI00478908.1
6976364,21584,IPI:IPI00218343.4
6976375,15674,IPI:IPI00219365.2
6976375,16944,IPI:IPI00514912.1
6976667,29835,IPI:IPI00552282.1
6976667,17972,IPI:IPI00219018.4
6976667,18436,IPI:IPI00383758.1
6976679,22634,IPI:IPI00008529.1
6976711,31523,IPI:IPI00219622.2
6976784,16944,IPI:IPI00514912.1
6976784,15674,IPI:IPI00219365.2
6976929,5560,IPI:IPI00333541.3
6978084,21584,IPI:IPI00218343.4
6978084,22521,IPI:IPI00552356.1
6978084,22099,IPI:IPI00414274.2
6978084,21585,IPI:IPI00218345.1
6978084,36619,IPI:IPI00062209.3
6978084,21505,IPI:IPI00180675.4
6978084,21501,IPI:IPI00179709.4
6978084,16044,IPI:IPI00335314.3
6978084,14787,IPI:IPI00007750.1
6978084,11153,IPI:IPI00457376.1
6978084,21658,IPI:IPI00253411.2
6978084,21951,IPI:IPI00387144.4
6978210,16074,IPI:IPI00339269.1
6978210,19214,IPI:IPI00514377.3
6978210,18240,IPI:IPI00304925.1
6978210,13211,IPI:IPI00301277.1
6978210,2570,IPI:IPI00003865.1
6978210,2720,IPI:IPI00007702.1
6978261,12151,IPI:IPI00021716.1
6979081,19572,IPI:IPI00025416.1
6979081,20939,IPI:IPI00550724.2
6979081,20909,IPI:IPI00515047.1
6979081,19339,IPI:IPI00003269.1
6979081,20891,IPI:IPI00514530.3
6979081,20502,IPI:IPI00414057.2
6979081,19531,IPI:IPI00021440.1
6979081,19530,IPI:IPI00021439.1
6979081,19401,IPI:IPI00008603.1
6979081,19545,IPI:IPI00023006.1
6979081,19529,IPI:IPI00021428.1
6979226,40809,IPI:IPI00220827.4
6979577,12151,IPI:IPI00021716.1
6980071,44158,IPI:IPI00217903.3
6980071,27519,IPI:IPI00174849.4
6980071,44888,IPI:IPI00006510.1
6980071,27718,IPI:IPI00335160.1
6980071,28037,IPI:IPI00514047.1
6980071,28058,IPI:IPI00549172.2
6980071,40625,IPI:IPI00182840.3
6980071,27465,IPI:IPI00160897.3
6980071,28062,IPI:IPI00549853.2
6980071,27646,IPI:IPI00292496.1
6980071,27403,IPI:IPI00034283.2
6980071,27390,IPI:IPI00031370.3
6980071,27339,IPI:IPI00023598.1
6980071,27319,IPI:IPI00018511.1
6980071,27295,IPI:IPI00013683.2
6980071,27293,IPI:IPI00013475.1
6980071,27287,IPI:IPI00011654.2
6980071,27265,IPI:IPI00007752.1
6980071,6271,IPI:IPI00397746.2
6980071,27457,IPI:IPI00152453.1
6980147,40313,IPI:IPI00397272.2
6980147,18329,IPI:IPI00334775.3
6980147,18730,IPI:IPI00414676.5
6980483,27287,IPI:IPI00011654.2
6980613,13008,IPI:IPI00220362.4
6980613,18937,IPI:IPI00455469.1
6980613,36517,IPI:IPI00398969.1
6981103,4854,IPI:IPI00220644.6
6981103,5881,IPI:IPI00383237.3
6981103,7656,IPI:IPI00479186.2
6981957,30896,IPI:IPI00026260.1
6981957,31851,IPI:IPI00375531.1
6981957,30661,IPI:IPI00012048.1
6982085,22676,IPI:IPI00012507.2
6982085,40039,IPI:IPI00044779.1
6982085,40074,IPI:IPI00395884.1
6982085,40099,IPI:IPI00455634.1
6982652,43828,IPI:IPI00216691.4
6983307,7223,IPI:IPI00457355.1
6983307,28799,IPI:IPI00012011.3
6983307,29025,IPI:IPI00413344.2
6983307,42836,IPI:IPI00031045.3
6983307,42982,IPI:IPI00473014.1
6983429,14787,IPI:IPI00007750.1
6983485,19023,IPI:IPI00465439.4
6983485,19246,IPI:IPI00549682.1
6983535,4854,IPI:IPI00220644.6
6983535,5881,IPI:IPI00383237.3
6983535,7656,IPI:IPI00479186.2
6983535,9702,IPI:IPI00243603.5
6983612,30661,IPI:IPI00012048.1
6983612,30896,IPI:IPI00026260.1
6983612,31851,IPI:IPI00375531.1
6983633,20837,IPI:IPI00479359.5
6983633,20917,IPI:IPI00549319.2
6983633,26272,IPI:IPI00017367.1
6983633,15674,IPI:IPI00219365.2
6983633,16178,IPI:IPI00384282.1
6983633,16944,IPI:IPI00514912.1
6983716,28242,IPI:IPI00418471.5
6983716,32770,IPI:IPI00477807.3
6983716,38159,IPI:IPI00552689.1
6983852,22325,IPI:IPI00465248.4
6983875,44159,IPI:IPI00220766.3
6983908,20837,IPI:IPI00479359.5
6983908,20917,IPI:IPI00549319.2
6983908,16944,IPI:IPI00514912.1
6983908,16178,IPI:IPI00384282.1
6983908,15674,IPI:IPI00219365.2
6983908,26272,IPI:IPI00017367.1
6984735,29203,IPI:IPI00030154.1
6984735,29464,IPI:IPI00479722.1
6984735,36489,IPI:IPI00374179.1
6985570,12151,IPI:IPI00021716.1
6985745,30948,IPI:IPI00029091.1
6985745,30896,IPI:IPI00026260.1
6987038,25143,IPI:IPI00025447.3
6987038,25988,IPI:IPI00472724.1
6987038,25453,IPI:IPI00239992.2
6987038,25360,IPI:IPI00180730.1
6987038,20867,IPI:IPI00513808.1
6987038,20202,IPI:IPI00332724.1
6987038,7076,IPI:IPI00455628.1
6987038,25086,IPI:IPI00014424.1
6987038,18577,IPI:IPI00398950.2
6988062,24763,IPI:IPI00453473.3
6988121,46591,IPI:IPI00398806.1
6988121,29957,IPI:IPI00219037.4
6988121,29945,IPI:IPI00216457.6
6988121,29971,IPI:IPI00255316.4
6988121,29973,IPI:IPI00291764.2
6988121,29981,IPI:IPI00303315.3
6988121,30135,IPI:IPI00552873.1
6988121,49068,IPI:IPI00478733.1
6988121,29944,IPI:IPI00216456.4
6988121,30005,IPI:IPI00339274.4
6988121,12937,IPI:IPI00218448.3
6988121,29964,IPI:IPI00220855.3
6988121,12092,IPI:IPI00018278.1
6988121,12529,IPI:IPI00141938.3
6988121,33156,IPI:IPI00249267.1
6988121,13736,IPI:IPI00398798.1
6988121,14666,IPI:IPI00554720.1
6988121,29889,IPI:IPI00026272.1
6988121,29899,IPI:IPI00031562.1
6988121,29917,IPI:IPI00102165.1
6988121,29911,IPI:IPI00081836.1
6988121,12391,IPI:IPI00045109.1
6988522,9681,IPI:IPI00232705.1
6988522,44654,IPI:IPI00376838.2
6988522,32345,IPI:IPI00419884.1
6988522,31500,IPI:IPI00219038.4
6988522,11265,IPI:IPI00477080.1
6988522,2037,IPI:IPI00465070.4
6988522,1968,IPI:IPI00455457.3
6988522,1806,IPI:IPI00419900.2
6988522,808,IPI:IPI00171611.5
6988522,898,IPI:IPI00216402.2
6989441,32056,IPI:IPI00386854.5
6989441,32764,IPI:IPI00477522.1
6989441,32096,IPI:IPI00396378.3
6989441,32304,IPI:IPI00414696.1
6989445,24763,IPI:IPI00453473.3
6989445,24969,IPI:IPI00551050.2
6991701,5831,IPI:IPI00382470.2
6991701,31950,IPI:IPI00384026.1
6991722,8475,IPI:IPI00013944.2
6991722,9442,IPI:IPI00216592.1
6991722,11286,IPI:IPI00477313.1
6991722,28714,IPI:IPI00411624.1
6991738,26526,IPI:IPI00178083.2
6991738,27127,IPI:IPI00479185.1
6991738,27095,IPI:IPI00477649.1
6991738,26582,IPI:IPI00218319.2
6991738,26774,IPI:IPI00382894.2
6991740,29889,IPI:IPI00026272.1
6991740,29899,IPI:IPI00031562.1
6991740,29944,IPI:IPI00216456.4
6991740,29981,IPI:IPI00303315.3
6991751,24763,IPI:IPI00453473.3
6991751,24969,IPI:IPI00551050.2
6995905,23556,IPI:IPI00419258.3
6995905,48158,IPI:IPI00335132.1
6995905,27878,IPI:IPI00418184.1
6997970,38703,IPI:IPI00291922.2
6998243,17254,IPI:IPI00013894.1
6998243,19182,IPI:IPI00479946.2
7000233,11421,IPI:IPI00479191.1
7000233,11448,IPI:IPI00479484.1
7000233,11358,IPI:IPI00478348.2
7000233,11332,IPI:IPI00477925.1
7000233,11299,IPI:IPI00477457.1
7000233,8473,IPI:IPI00013881.5
7000233,24086,IPI:IPI00026230.1
7004052,5337,IPI:IPI00302592.1
7004052,5560,IPI:IPI00333541.3
7004144,13098,IPI:IPI00290566.1
7004144,14590,IPI:IPI00550591.1
7006779,24763,IPI:IPI00453473.3
7006779,24969,IPI:IPI00551050.2
7011758,40049,IPI:IPI00219951.1
7011758,40050,IPI:IPI00219952.1
7011758,45494,IPI:IPI00218373.1
7011758,15689,IPI:IPI00219950.1
7011758,15321,IPI:IPI00154509.2
7011758,43787,IPI:IPI00024175.3
7011772,5337,IPI:IPI00302592.1
7011772,5560,IPI:IPI00333541.3
7011944,891,IPI:IPI00216049.1
7011944,907,IPI:IPI00216746.1
7011944,2293,IPI:IPI00514561.1
7012142,25281,IPI:IPI00152906.5
7012142,26146,IPI:IPI00554798.1
7012142,26138,IPI:IPI00554445.1
7012142,26002,IPI:IPI00477495.2
7012142,25822,IPI:IPI00419833.1
7012142,25619,IPI:IPI00377199.4
7012142,25513,IPI:IPI00303133.7
7012142,25121,IPI:IPI00020101.4
7012142,25108,IPI:IPI00018534.3
7012142,25559,IPI:IPI00329665.5
7013562,24763,IPI:IPI00453473.3
7013562,24969,IPI:IPI00551050.2
7017217,19288,IPI:IPI00552715.1
7017217,19299,IPI:IPI00553185.1
7017217,18118,IPI:IPI00290770.2
7023673,1159,IPI:IPI00291005.7
7023679,15674,IPI:IPI00219365.2
7023679,16944,IPI:IPI00514912.1
7023732,15674,IPI:IPI00219365.2
7023732,16944,IPI:IPI00514912.1
7023913,11832,IPI:IPI00003918.4
7023913,14277,IPI:IPI00471915.1
7023913,49401,IPI:IPI00003918.2
7025218,19450,IPI:IPI00012772.5
7025399,10104,IPI:IPI00332499.1
7025399,35111,IPI:IPI00514504.1
7025399,9612,IPI:IPI00219821.3
7025399,9324,IPI:IPI00179953.2
7026058,3326,IPI:IPI00025491.1
7026058,10053,IPI:IPI00328328.3
7026058,10630,IPI:IPI00409717.1
7026058,40478,IPI:IPI00456918.1
7026058,6078,IPI:IPI00386604.1
7028346,28332,IPI:IPI00000874.1
7031758,19339,IPI:IPI00003269.1
7031758,19572,IPI:IPI00025416.1
7031758,20909,IPI:IPI00515047.1
7031758,20939,IPI:IPI00550724.2
7031758,20891,IPI:IPI00514530.3
7031758,20502,IPI:IPI00414057.2
7031758,19531,IPI:IPI00021440.1
7031758,19530,IPI:IPI00021439.1
7031758,19401,IPI:IPI00008603.1
7031758,19529,IPI:IPI00021428.1
7031758,19545,IPI:IPI00023006.1
7033930,7248,IPI:IPI00465084.5
7033930,28242,IPI:IPI00418471.5
7033973,13027,IPI:IPI00221092.3
7033973,13701,IPI:IPI00397701.3
7034138,14962,IPI:IPI00019502.1
7034433,35138,IPI:IPI00024102.3
7034433,42784,IPI:IPI00550488.2
7034491,12151,IPI:IPI00021716.1
7035358,35138,IPI:IPI00024102.3
7035437,31950,IPI:IPI00384026.1
7035437,5831,IPI:IPI00382470.2
7035437,18329,IPI:IPI00334775.3
7035437,18730,IPI:IPI00414676.5
7035437,41319,IPI:IPI00411633.3
7035437,46859,IPI:IPI00384970.1
7035437,24111,IPI:IPI00031523.1
7035647,40809,IPI:IPI00220827.4
7038438,3336,IPI:IPI00026119.4
7039404,28966,IPI:IPI00374313.2
7039404,10512,IPI:IPI00397868.1
7039404,22570,IPI:IPI00000494.4
7039622,5114,IPI:IPI00293464.4
7039636,39132,IPI:IPI00015148.3
7039636,45898,IPI:IPI00412525.1
7039636,39137,IPI:IPI00019345.1
7039636,39226,IPI:IPI00550325.1
7039685,34478,IPI:IPI00012442.1
7039685,34583,IPI:IPI00442863.1
7039701,5337,IPI:IPI00302592.1
7039701,5560,IPI:IPI00333541.3
7039710,14798,IPI:IPI00008274.3
7043726,33357,IPI:IPI00299000.1
7044651,31699,IPI:IPI00298547.3
7044660,23362,IPI:IPI00383071.1
7044660,46605,IPI:IPI00451401.2
7044660,32692,IPI:IPI00465028.4
7044732,42261,IPI:IPI00016832.1
7044732,42455,IPI:IPI00472442.4
7044979,20119,IPI:IPI00297779.6
7045029,31862,IPI:IPI00376163.2
7045029,35834,IPI:IPI00299633.3
7045029,35946,IPI:IPI00554778.1
7045029,42096,IPI:IPI00220828.4
7045029,45940,IPI:IPI00180240.2
7047206,18118,IPI:IPI00290770.2
7047206,19288,IPI:IPI00552715.1
7047206,19299,IPI:IPI00553185.1
7049895,15431,IPI:IPI00169383.2
7051068,5337,IPI:IPI00302592.1
7051068,5560,IPI:IPI00333541.3
7051635,5831,IPI:IPI00382470.2
7051635,14158,IPI:IPI00455463.1
7053390,2869,IPI:IPI00012007.5
7058562,29526,IPI:IPI00016610.2
7059168,8340,IPI:IPI00008530.1
7059168,10470,IPI:IPI00396373.1
7059345,8515,IPI:IPI00015953.2
7059345,11270,IPI:IPI00477179.1
7062793,9975,IPI:IPI00303476.1
7070639,38703,IPI:IPI00291922.2
7070641,27127,IPI:IPI00479185.1
7070641,9361,IPI:IPI00183968.1
7070641,26526,IPI:IPI00178083.2
7070641,26582,IPI:IPI00218319.2
7070641,26774,IPI:IPI00382894.2
7070641,27095,IPI:IPI00477649.1
7070641,27115,IPI:IPI00478716.3
7070695,30488,IPI:IPI00000875.5
7070762,1427,IPI:IPI00374151.1
7070762,482,IPI:IPI00024919.3
7074074,5337,IPI:IPI00302592.1
7074074,5560,IPI:IPI00333541.3
7075908,44159,IPI:IPI00220766.3
7076090,7965,IPI:IPI00550365.1
7076090,29526,IPI:IPI00016610.2
7076090,29790,IPI:IPI00470509.1
7076090,28648,IPI:IPI00216689.1
7076090,6464,IPI:IPI00410586.1
7076090,4130,IPI:IPI00167750.4
7076090,3816,IPI:IPI00101278.5
7076090,3415,IPI:IPI00027970.4
7076090,29517,IPI:IPI00012066.1
7076090,6465,IPI:IPI00410587.1
7082418,2939,IPI:IPI00013808.1
7082418,19456,IPI:IPI00013508.3
7082633,18121,IPI:IPI00291006.1
7086490,5337,IPI:IPI00302592.1
7086490,5560,IPI:IPI00333541.3
7090854,17858,IPI:IPI00182856.9
7090854,17899,IPI:IPI00216256.2
7090854,18538,IPI:IPI00395750.3
7090865,24268,IPI:IPI00178440.2
7090865,24689,IPI:IPI00414723.2
7090865,25708,IPI:IPI00397392.1
7090865,31785,IPI:IPI00332119.3
7091900,12151,IPI:IPI00021716.1
7093391,14422,IPI:IPI00479281.1
7093391,32308,IPI:IPI00414967.1
7093391,19178,IPI:IPI00479885.1
7093391,18939,IPI:IPI00455532.1
7093391,18936,IPI:IPI00455428.3
7093391,18737,IPI:IPI00414895.3
7093391,15500,IPI:IPI00181923.3
7093391,14229,IPI:IPI00457306.1
7093391,9131,IPI:IPI00165486.9
7093391,2931,IPI:IPI00013485.1
7093391,16873,IPI:IPI00479366.1
7094678,32246,IPI:IPI00412090.2
7094678,2880,IPI:IPI00012268.2
7094678,5951,IPI:IPI00384420.1
7095089,15025,IPI:IPI00023748.3
7095551,5560,IPI:IPI00333541.3
7095551,5337,IPI:IPI00302592.1
7095683,40181,IPI:IPI00442073.3
7098628,2163,IPI:IPI00478540.1
7098628,444,IPI:IPI00022774.2
7101861,14962,IPI:IPI00019502.1
7105712,31699,IPI:IPI00298547.3
7106657,22634,IPI:IPI00008529.1
7106924,444,IPI:IPI00022774.2
7106924,2163,IPI:IPI00478540.1
7107328,3336,IPI:IPI00026119.4
7107776,16944,IPI:IPI00514912.1
7107776,15674,IPI:IPI00219365.2
7108298,14787,IPI:IPI00007750.1
7108298,16044,IPI:IPI00335314.3
7108716,31862,IPI:IPI00376163.2
7108716,35834,IPI:IPI00299633.3
7108716,35946,IPI:IPI00554778.1
7108716,42096,IPI:IPI00220828.4
7108716,45940,IPI:IPI00180240.2
7113422,18121,IPI:IPI00291006.1
7115632,34980,IPI:IPI00025252.1
7117205,37192,IPI:IPI00477513.1
7117205,6474,IPI:IPI00410714.1
7117205,5575,IPI:IPI00334432.3
7117205,37196,IPI:IPI00478687.1
7117205,37143,IPI:IPI00217473.4
7117205,37198,IPI:IPI00480146.2
7120699,2553,IPI:IPI00003362.1
7120809,15025,IPI:IPI00023748.3
7120809,28355,IPI:IPI00012479.1
7120809,28490,IPI:IPI00431765.1
7121674,9407,IPI:IPI00215777.1
7121674,8645,IPI:IPI00022202.3
7126577,24965,IPI:IPI00550717.2
7126577,24017,IPI:IPI00017855.1
7126577,5862,IPI:IPI00382844.1
7130579,34980,IPI:IPI00025252.1
7132162,12073,IPI:IPI00016801.1
7132162,15063,IPI:IPI00027146.1
7137598,28242,IPI:IPI00418471.5
7148581,12259,IPI:IPI00027230.3
7156452,444,IPI:IPI00022774.2
7156452,2163,IPI:IPI00478540.1
7157191,24763,IPI:IPI00453473.3
7157191,24969,IPI:IPI00551050.2
7161680,14962,IPI:IPI00019502.1
7165322,5672,IPI:IPI00374686.2
7165322,53916,IPI:IPI00332208.2
7165322,55029,IPI:IPI00385358.1
7165322,55371,IPI:IPI00395637.1
7165322,56068,IPI:IPI00398984.1
7165322,66364,IPI:IPI00383405.1
7165322,66385,IPI:IPI00385732.1
7165421,12529,IPI:IPI00141938.3
7165421,14666,IPI:IPI00554720.1
7165421,12092,IPI:IPI00018278.1
7165421,13736,IPI:IPI00398798.1
7165421,12937,IPI:IPI00218448.3
7167730,19023,IPI:IPI00465439.4
7167730,19246,IPI:IPI00549682.1
7194288,5337,IPI:IPI00302592.1
7194288,5560,IPI:IPI00333541.3
7194711,30870,IPI:IPI00023860.1
7195029,35946,IPI:IPI00554778.1
7195029,42096,IPI:IPI00220828.4
7195029,35834,IPI:IPI00299633.3
7195029,31862,IPI:IPI00376163.2
7195029,45940,IPI:IPI00180240.2
7198617,1251,IPI:IPI00298994.3
7198831,13701,IPI:IPI00397701.3
7198831,13027,IPI:IPI00221092.3
7198831,18994,IPI:IPI00457195.1
7198831,20639,IPI:IPI00450975.1
7198831,43738,IPI:IPI00457291.1
7199920,9592,IPI:IPI00219525.9
7207628,22676,IPI:IPI00012507.2
7215101,20837,IPI:IPI00479359.5
7215101,20917,IPI:IPI00549319.2
7217498,21146,IPI:IPI00013769.1
7217498,22325,IPI:IPI00465248.4
7221880,42445,IPI:IPI00455745.1
7221880,6822,IPI:IPI00434968.1
7221880,31158,IPI:IPI00140827.2
7221880,31704,IPI:IPI00299147.8
7221880,31705,IPI:IPI00299149.1
7221880,32795,IPI:IPI00478345.1
7221880,32981,IPI:IPI00550406.2
7224711,34980,IPI:IPI00025252.1
7225529,43620,IPI:IPI00005969.1
7225529,12244,IPI:IPI00026182.4
7225548,34980,IPI:IPI00025252.1
7225698,31158,IPI:IPI00140827.2
7225698,31705,IPI:IPI00299149.1
7225698,32795,IPI:IPI00478345.1
7229141,15674,IPI:IPI00219365.2
7229141,16944,IPI:IPI00514912.1
7233876,34980,IPI:IPI00025252.1
7236471,62218,IPI:IPI00016613.1
7236488,26191,IPI:IPI00006684.1
7236488,27231,IPI:IPI00554742.1
7258504,5337,IPI:IPI00302592.1
7258504,5560,IPI:IPI00333541.3
7270444,13008,IPI:IPI00220362.4
7273183,2553,IPI:IPI00003362.1
7273940,13008,IPI:IPI00220362.4
7286595,46221,IPI:IPI00477646.1
7286595,17228,IPI:IPI00011876.1
7286595,36059,IPI:IPI00382958.1
7286595,36136,IPI:IPI00477148.1
7328791,55026,IPI:IPI00385334.1
7328791,6496,IPI:IPI00411626.2
7328791,3186,IPI:IPI00021891.5
7328791,4780,IPI:IPI00219713.1
7393735,9636,IPI:IPI00220327.2
7393735,52596,IPI:IPI00220327.1
7393735,56473,K2C1_HUMAN
7393749,29698,IPI:IPI00383111.1
7393749,14451,IPI:IPI00479902.1
7393749,21086,IPI:IPI00009865.1
7393749,29653,IPI:IPI00295684.1
7393752,9636,IPI:IPI00220327.2
7393775,9636,IPI:IPI00220327.2
7393792,26691,IPI:IPI00300725.6
7393792,42409,IPI:IPI00418411.2
7393792,24582,IPI:IPI00386438.2
7393792,24406,IPI:IPI00299145.8
7393792,24390,IPI:IPI00293665.6
7393792,22429,IPI:IPI00479403.2
7393792,17194,IPI:IPI00009867.2
7393792,9636,IPI:IPI00220327.2
7393792,1969,IPI:IPI00455462.1
7393792,43016,IPI:IPI00554648.1
7424429,3347,IPI:IPI00026314.1
7424429,5801,IPI:IPI00377087.4
7424429,54665,IPI:IPI00377087.1
7435001,45940,IPI:IPI00180240.2
7435001,31862,IPI:IPI00376163.2
7435001,35834,IPI:IPI00299633.3
7435001,35946,IPI:IPI00554778.1
7435001,38992,IPI:IPI00376164.2
7435001,42096,IPI:IPI00220828.4
7438132,2570,IPI:IPI00003865.1
7438750,1320,IPI:IPI00307162.2
7438750,1162,IPI:IPI00291175.3
7439279,19572,IPI:IPI00025416.1
7439279,37533,IPI:IPI00455475.1
7439279,27024,IPI:IPI00455685.1
7439279,22029,IPI:IPI00401614.2
7439279,21413,IPI:IPI00157721.7
7439279,20909,IPI:IPI00515047.1
7439279,20891,IPI:IPI00514530.3
7439279,20039,IPI:IPI00248359.4
7439279,19545,IPI:IPI00023006.1
7439279,19531,IPI:IPI00021440.1
7439279,19530,IPI:IPI00021439.1
7439279,19529,IPI:IPI00021428.1
7439279,19401,IPI:IPI00008603.1
7439279,37749,IPI:IPI00334610.2
7439279,25569,IPI:IPI00333470.1
7439279,20502,IPI:IPI00414057.2
7440125,12368,IPI:IPI00037070.1
7440125,35428,IPI:IPI00397340.2
7440125,16074,IPI:IPI00339269.1
7440125,2720,IPI:IPI00007702.1
7440125,2570,IPI:IPI00003865.1
7440125,11042,IPI:IPI00455889.1
7442063,17690,IPI:IPI00157890.1
7442063,39550,IPI:IPI00030144.1
7442063,39141,IPI:IPI00027388.5
7442063,37551,IPI:IPI00479480.2
7442063,18567,IPI:IPI00397796.2
7442063,13717,IPI:IPI00398110.2
7442063,11235,IPI:IPI00472718.1
7442063,11142,IPI:IPI00457219.1
7442063,10600,IPI:IPI00402104.3
7442063,10235,IPI:IPI00376771.2
7442063,7911,IPI:IPI00549466.1
7442063,6792,IPI:IPI00431795.2
7442063,6716,IPI:IPI00419585.6
7442063,39796,IPI:IPI00413543.2
7442063,10601,IPI:IPI00402137.3
7442063,36686,IPI:IPI00397019.2
7442063,39749,IPI:IPI00164416.5
7450046,20837,IPI:IPI00479359.5
7450046,20917,IPI:IPI00549319.2
7451135,29948,IPI:IPI00216730.1
7451135,29957,IPI:IPI00219037.4
7451135,29964,IPI:IPI00220855.3
7451135,29971,IPI:IPI00255316.4
7451135,29973,IPI:IPI00291764.2
7451135,29981,IPI:IPI00303315.3
7451135,30135,IPI:IPI00552873.1
7451135,29945,IPI:IPI00216457.6
7451135,30005,IPI:IPI00339274.4
7451135,29944,IPI:IPI00216456.4
7451135,29917,IPI:IPI00102165.1
7451135,29911,IPI:IPI00081836.1
7451135,29899,IPI:IPI00031562.1
7451135,29889,IPI:IPI00026272.1
7451135,22865,IPI:IPI00059366.3
7451135,7998,IPI:IPI00550861.1
7451135,3903,IPI:IPI00148096.1
7451135,5366,IPI:IPI00304171.2
7452184,12073,IPI:IPI00016801.1
7452797,30881,IPI:IPI00025019.3
7469906,2808,IPI:IPI00010133.1
7469918,15559,IPI:IPI00216141.1
7469918,16978,IPI:IPI00550119.2
7469918,35034,IPI:IPI00376992.2
7469918,15558,IPI:IPI00216139.1
7469937,43668,IPI:IPI00216319.2
7473315,9408,IPI:IPI00215780.4
7474336,8386,IPI:IPI00010414.3
7474337,45940,IPI:IPI00180240.2
7474337,31862,IPI:IPI00376163.2
7474337,35834,IPI:IPI00299633.3
7474337,35946,IPI:IPI00554778.1
7474337,38992,IPI:IPI00376164.2
7474337,42096,IPI:IPI00220828.4
7476783,28058,IPI:IPI00549172.2
7476783,27465,IPI:IPI00160897.3
7476783,27457,IPI:IPI00152453.1
7476783,27339,IPI:IPI00023598.1
7476783,27295,IPI:IPI00013683.2
7476783,27265,IPI:IPI00007752.1
7476783,27287,IPI:IPI00011654.2
7477704,1159,IPI:IPI00291005.7
7537677,29860,IPI:IPI00010471.1
7537677,30240,IPI:IPI00216694.1
7537677,30428,IPI:IPI00477225.1
7546323,14587,IPI:IPI00550458.2
7546323,44565,IPI:IPI00550241.2
7546323,44373,IPI:IPI00021840.1
7550164,2808,IPI:IPI00010133.1
7555474,2808,IPI:IPI00010133.1
7555474,35081,IPI:IPI00446617.3
7556239,14798,IPI:IPI00008274.3
7570082,5337,IPI:IPI00302592.1
7570082,5560,IPI:IPI00333541.3
7570082,20959,IPI:IPI00552416.1
7570129,1251,IPI:IPI00298994.3
7570246,13057,IPI:IPI00246058.3
7570370,22634,IPI:IPI00008529.1
7575923,37201,IPI:IPI00550451.1
7575923,41886,IPI:IPI00218236.4
7575923,42033,IPI:IPI00005705.1
7575923,42092,IPI:IPI00218187.1
7575923,37126,IPI:IPI00027423.2
7575998,2880,IPI:IPI00012268.2
7576101,19530,IPI:IPI00021439.1
7576101,19531,IPI:IPI00021440.1
7576101,20939,IPI:IPI00550724.2
7582869,16268,IPI:IPI00395772.3
7582869,14962,IPI:IPI00019502.1
7582931,444,IPI:IPI00022774.2
7582931,2163,IPI:IPI00478540.1
7583012,2570,IPI:IPI00003865.1
7583012,12368,IPI:IPI00037070.1
7583051,21183,IPI:IPI00017256.5
7583051,21865,IPI:IPI00377066.1
7583051,42988,IPI:IPI00478433.1
7583052,2553,IPI:IPI00003362.1
7583052,21665,IPI:IPI00258514.3
7583086,25044,IPI:IPI00007068.1
7583086,35985,IPI:IPI00028091.1
7583086,26136,IPI:IPI00554433.1
7583086,25136,IPI:IPI00023929.1
7583086,10359,IPI:IPI00385157.1
7583086,25975,IPI:IPI00471966.3
7583110,2939,IPI:IPI00013808.1
7583130,2570,IPI:IPI00003865.1
7583130,11042,IPI:IPI00455889.1
7583130,12368,IPI:IPI00037070.1
7583130,35428,IPI:IPI00397340.2
7583130,45679,IPI:IPI00457325.1
7583331,444,IPI:IPI00022774.2
7583331,2163,IPI:IPI00478540.1
7586223,36379,IPI:IPI00003949.1
7590934,2939,IPI:IPI00013808.1
7590941,10955,IPI:IPI00450235.1
7590941,19638,IPI:IPI00031812.1
7590941,20339,IPI:IPI00385699.1
7590941,20783,IPI:IPI00477429.1
7591018,1251,IPI:IPI00298994.3
7591062,8556,IPI:IPI00018206.3
7591168,14766,IPI:IPI00006865.1
7591225,5831,IPI:IPI00382470.2
7591501,17930,IPI:IPI00217467.2
7594558,14962,IPI:IPI00019502.1
7595200,3180,IPI:IPI00021812.1
7596737,2389,IPI:IPI00550984.1
7596737,2836,IPI:IPI00010796.1
7596737,6621,IPI:IPI00414286.3
7596859,444,IPI:IPI00022774.2
7596859,2163,IPI:IPI00478540.1
7597147,28584,IPI:IPI00005159.2
7597147,28747,IPI:IPI00470573.1
7597210,14766,IPI:IPI00006865.1
7597242,8432,IPI:IPI00012074.2
7597333,5337,IPI:IPI00302592.1
7597333,5560,IPI:IPI00333541.3
7597442,27571,IPI:IPI00217468.2
7597474,2553,IPI:IPI00003362.1
7598045,26774,IPI:IPI00382894.2
7598045,38918,IPI:IPI00377005.1
7598045,38423,IPI:IPI00414662.1
7598045,38380,IPI:IPI00145540.5
7598045,27127,IPI:IPI00479185.1
7598045,27095,IPI:IPI00477649.1
7598045,26583,IPI:IPI00218320.2
7598045,26582,IPI:IPI00218319.2
7598045,26526,IPI:IPI00178083.2
7598045,7070,IPI:IPI00455563.1
7598045,6575,IPI:IPI00413340.1
7598045,27115,IPI:IPI00478716.3
7598123,28242,IPI:IPI00418471.5
7598123,32770,IPI:IPI00477807.3
7598123,38159,IPI:IPI00552689.1
7598207,16268,IPI:IPI00395772.3
7598207,14962,IPI:IPI00019502.1
7599129,2836,IPI:IPI00010796.1
7599129,2389,IPI:IPI00550984.1
7599625,29488,IPI:IPI00000816.1
7600279,2389,IPI:IPI00550984.1
7600279,2836,IPI:IPI00010796.1
7601192,52360,IPI:IPI00217975.1
7602027,35985,IPI:IPI00028091.1
7602049,5337,IPI:IPI00302592.1
7602049,5560,IPI:IPI00333541.3
7602049,11713,IPI:IPI00553169.1
7602184,7178,IPI:IPI00456887.1
7603992,34980,IPI:IPI00025252.1
7604113,21665,IPI:IPI00258514.3
7604113,2553,IPI:IPI00003362.1
7604171,6716,IPI:IPI00419585.6
7604171,7911,IPI:IPI00549466.1
7604171,11235,IPI:IPI00472718.1
7604171,39141,IPI:IPI00027388.5
7604285,1251,IPI:IPI00298994.3
7605661,30870,IPI:IPI00023860.1
7607019,444,IPI:IPI00022774.2
7607019,2163,IPI:IPI00478540.1
7607476,2553,IPI:IPI00003362.1
7607806,15063,IPI:IPI00027146.1
7607806,12073,IPI:IPI00016801.1
7607952,15674,IPI:IPI00219365.2
7607952,16178,IPI:IPI00384282.1
7607952,16944,IPI:IPI00514912.1
7607952,20837,IPI:IPI00479359.5
7607952,20917,IPI:IPI00549319.2
7607952,26272,IPI:IPI00017367.1
7608010,27265,IPI:IPI00007752.1
7608010,28058,IPI:IPI00549172.2
7608010,27465,IPI:IPI00160897.3
7608010,27287,IPI:IPI00011654.2
7608010,35402,IPI:IPI00334347.3
7608010,35339,IPI:IPI00173393.3
7608010,27339,IPI:IPI00023598.1
7608117,22603,IPI:IPI00005160.2
7611106,41727,IPI:IPI00375142.1
7611106,44750,IPI:IPI00026965.1
7611106,56828,IPI:IPI00019932.1
7611106,57781,IPI:IPI00182657.1
7611106,58680,IPI:IPI00332376.1
7612772,43784,IPI:IPI00021347.1
7612772,43823,IPI:IPI00176873.1
7612820,35985,IPI:IPI00028091.1
7612831,5337,IPI:IPI00302592.1
7612831,5560,IPI:IPI00333541.3
7612831,38893,IPI:IPI00552858.1
7618474,8458,IPI:IPI00012998.1
7618474,8816,IPI:IPI00030654.1
7618474,11707,IPI:IPI00553042.1
7619799,1251,IPI:IPI00298994.3
7619799,53366,IPI:IPI00298994.1
7619916,4397,IPI:IPI00215638.2
7621182,42477,IPI:IPI00514669.1
7621182,44130,IPI:IPI00010402.2
7626896,43784,IPI:IPI00021347.1
7627037,1159,IPI:IPI00291005.7
7627292,25611,IPI:IPI00376005.1
7627292,25779,IPI:IPI00411704.2
7630429,6260,IPI:IPI00397526.1
7630429,14962,IPI:IPI00019502.1
7630429,16268,IPI:IPI00395772.3
7633434,1251,IPI:IPI00298994.3
7633500,2703,IPI:IPI00007280.7
7633500,7953,IPI:IPI00550234.2
7639639,2836,IPI:IPI00010796.1
7639639,6621,IPI:IPI00414286.3
7639639,2389,IPI:IPI00550984.1
7639821,43620,IPI:IPI00005969.1
7644461,2553,IPI:IPI00003362.1
7644461,21665,IPI:IPI00258514.3
7645272,17124,IPI:IPI00005162.1
7645313,1251,IPI:IPI00298994.3
7646097,32334,IPI:IPI00419262.1
7646362,5337,IPI:IPI00302592.1
7646362,5560,IPI:IPI00333541.3
7651980,2163,IPI:IPI00478540.1
7651980,444,IPI:IPI00022774.2
7656123,42040,IPI:IPI00015262.9
7656123,43888,IPI:IPI00398735.1
7656123,44513,IPI:IPI00455730.1
7656421,35126,IPI:IPI00006379.1
7656962,2553,IPI:IPI00003362.1
7659330,14962,IPI:IPI00019502.1
7659555,16178,IPI:IPI00384282.1
7659555,20917,IPI:IPI00549319.2
7659555,26272,IPI:IPI00017367.1
7659555,15674,IPI:IPI00219365.2
7659555,16944,IPI:IPI00514912.1
7659555,20837,IPI:IPI00479359.5
7660719,28584,IPI:IPI00005159.2
7660719,28747,IPI:IPI00470573.1
7660888,16268,IPI:IPI00395772.3
7660888,6260,IPI:IPI00397526.1
7660888,8612,IPI:IPI00020501.1
7660888,8709,IPI:IPI00024870.1
7660888,10149,IPI:IPI00337335.3
7660888,14962,IPI:IPI00019502.1
7662832,26272,IPI:IPI00017367.1
7662832,20917,IPI:IPI00549319.2
7662832,20837,IPI:IPI00479359.5
7662832,16944,IPI:IPI00514912.1
7662832,15674,IPI:IPI00219365.2
7662832,16178,IPI:IPI00384282.1
7664166,24273,IPI:IPI00180776.2
7664166,3075,IPI:IPI00018146.1
7664166,12853,IPI:IPI00216318.4
7664166,24045,IPI:IPI00021263.3
7665768,38893,IPI:IPI00552858.1
7665768,5560,IPI:IPI00333541.3
7665768,5337,IPI:IPI00302592.1
7665887,14962,IPI:IPI00019502.1
7665887,16268,IPI:IPI00395772.3
7665921,17073,IPI:IPI00001539.8
7667231,35985,IPI:IPI00028091.1
7669891,1251,IPI:IPI00298994.3
7673881,2470,IPI:IPI00000861.1
7673881,6090,IPI:IPI00386803.3
7676125,53969,IPI:IPI00332819.1
7676125,54047,IPI:IPI00333685.1
7676125,14962,IPI:IPI00019502.1
7677972,8556,IPI:IPI00018206.3
7693555,4854,IPI:IPI00220644.6
7693555,5881,IPI:IPI00383237.3
7693555,7656,IPI:IPI00479186.2
7694519,8412,IPI:IPI00011253.1
7696380,27571,IPI:IPI00217468.2
7698121,2570,IPI:IPI00003865.1
7698121,12368,IPI:IPI00037070.1
7699867,16178,IPI:IPI00384282.1
7699867,26272,IPI:IPI00017367.1
7699867,20917,IPI:IPI00549319.2
7699867,15674,IPI:IPI00219365.2
7699867,20837,IPI:IPI00479359.5
7699867,16944,IPI:IPI00514912.1
7701136,30105,IPI:IPI00479436.1
7701136,46702,IPI:IPI00175297.1
7701136,44515,IPI:IPI00455847.1
7701136,31408,IPI:IPI00187140.1
7701136,30100,IPI:IPI00477550.1
7701136,30077,IPI:IPI00455337.1
7701136,30038,IPI:IPI00401819.1
7701136,29942,IPI:IPI00186712.3
7701136,24899,IPI:IPI00479694.1
7701136,39756,IPI:IPI00176854.2
7701136,39933,IPI:IPI00479740.1
7701214,19450,IPI:IPI00012772.5
7701871,18121,IPI:IPI00291006.1
7708385,14962,IPI:IPI00019502.1
7715795,14798,IPI:IPI00008274.3
7718269,1000,IPI:IPI00219299.1
7718269,1251,IPI:IPI00298994.3
7723940,8303,IPI:IPI00007263.2
7723940,32036,IPI:IPI00386354.1
7723940,11744,IPI:IPI00554811.1
7740064,24017,IPI:IPI00017855.1
7740064,24965,IPI:IPI00550717.2
7744392,2667,IPI:IPI00006378.3
7745820,2570,IPI:IPI00003865.1
7746916,2470,IPI:IPI00000861.1
7750803,15025,IPI:IPI00023748.3
7761307,32804,IPI:IPI00478694.1
7761307,30675,IPI:IPI00012750.3
7761307,32159,IPI:IPI00401105.1
7761410,14977,IPI:IPI00020513.1
7761410,16290,IPI:IPI00396557.3
7764823,20758,IPI:IPI00472119.1
7764823,18983,IPI:IPI00456869.1
7764823,33500,IPI:IPI00026138.3
7764823,20930,IPI:IPI00550245.2
7764823,20549,IPI:IPI00419880.3
7764823,42162,IPI:IPI00400961.2
7764823,497,IPI:IPI00025419.3
7766631,19178,IPI:IPI00479885.1
7766631,37519,IPI:IPI00442381.1
7766631,2931,IPI:IPI00013485.1
7766631,32308,IPI:IPI00414967.1
7766631,44336,IPI:IPI00455930.1
7766631,31169,IPI:IPI00152242.2
7766631,29736,IPI:IPI00414526.1
7766631,22391,IPI:IPI00478002.1
7766631,18936,IPI:IPI00455428.3
7766631,18737,IPI:IPI00414895.3
7766631,16873,IPI:IPI00479366.1
7766631,9131,IPI:IPI00165486.9
7766631,4267,IPI:IPI00178675.2
7766631,14229,IPI:IPI00457306.1
7766631,18939,IPI:IPI00455532.1
7770098,1251,IPI:IPI00298994.3
7773971,26323,IPI:IPI00024057.2
7773971,27196,IPI:IPI00550363.1
7773973,26323,IPI:IPI00024057.2
7773973,27196,IPI:IPI00550363.1
7773984,46638,IPI:IPI00033494.2
7773984,48106,IPI:IPI00220573.3
7775838,27196,IPI:IPI00550363.1
7775838,26323,IPI:IPI00024057.2
7777687,29876,IPI:IPI00020599.1
7777687,21889,IPI:IPI00383751.1
7779654,9968,IPI:IPI00302927.5
7779674,2570,IPI:IPI00003865.1
7779674,2720,IPI:IPI00007702.1
7779674,12368,IPI:IPI00037070.1
7779706,7355,IPI:IPI00472102.1
7783657,15373,IPI:IPI00166768.1
7783657,35349,IPI:IPI00216005.5
7783657,22521,IPI:IPI00552356.1
7783657,22099,IPI:IPI00414274.2
7783657,21951,IPI:IPI00387144.4
7783657,21776,IPI:IPI00328163.1
7783657,21585,IPI:IPI00218345.1
7783657,21584,IPI:IPI00218343.4
7783657,21505,IPI:IPI00180675.4
7783657,16044,IPI:IPI00335314.3
7783657,14787,IPI:IPI00007750.1
7783657,11399,IPI:IPI00478908.1
7783657,2999,IPI:IPI00015671.3
7783657,21501,IPI:IPI00179709.4
7786631,2939,IPI:IPI00013808.1
7786631,19517,IPI:IPI00019884.1
7786631,19456,IPI:IPI00013508.3
7789244,444,IPI:IPI00022774.2
7789244,2163,IPI:IPI00478540.1
7789274,2939,IPI:IPI00013808.1
7789274,19456,IPI:IPI00013508.3
7789441,14120,IPI:IPI00454862.1
7789441,19023,IPI:IPI00465439.4
7789441,19246,IPI:IPI00549682.1
7792475,28747,IPI:IPI00470573.1
7792475,28584,IPI:IPI00005159.2
7793148,26323,IPI:IPI00024057.2
7793148,27196,IPI:IPI00550363.1
7793169,43936,IPI:IPI00472476.1
7793169,43784,IPI:IPI00021347.1
7793169,43878,IPI:IPI00386512.1
7800318,40549,IPI:IPI00008219.1
7800338,15025,IPI:IPI00023748.3
7800345,35938,IPI:IPI00514826.1
7800345,38303,IPI:IPI00411706.1
7800345,38336,IPI:IPI00550632.2
7800781,42477,IPI:IPI00514669.1
7800781,64335,IPI:IPI00010402.1
7800781,44130,IPI:IPI00010402.2
7808690,15147,IPI:IPI00033600.1
7808690,43352,IPI:IPI00395771.1
7809451,42477,IPI:IPI00514669.1
7809451,44130,IPI:IPI00010402.2
7812898,2570,IPI:IPI00003865.1
7812898,12368,IPI:IPI00037070.1
7812898,35428,IPI:IPI00397340.2
7812898,45679,IPI:IPI00457325.1
7812902,34980,IPI:IPI00025252.1
7816366,13057,IPI:IPI00246058.3
7816372,44130,IPI:IPI00010402.2
7816372,42477,IPI:IPI00514669.1
7816378,46003,IPI:IPI00329801.9
7816393,34661,IPI:IPI00011250.3
7816399,48588,IPI:IPI00413778.3
7816475,11495,IPI:IPI00513698.1
7816475,33711,IPI:IPI00218820.1
7816475,31969,IPI:IPI00384369.2
7816475,29536,IPI:IPI00018853.1
7816475,27127,IPI:IPI00479185.1
7816475,8490,IPI:IPI00014581.1
7816475,27095,IPI:IPI00477649.1
7816475,41883,IPI:IPI00216134.1
7816475,26774,IPI:IPI00382894.2
7816475,26582,IPI:IPI00218319.2
7816475,26526,IPI:IPI00178083.2
7816475,23311,IPI:IPI00374397.2
7816475,10993,IPI:IPI00455050.1
7816475,10884,IPI:IPI00442894.1
7816475,10868,IPI:IPI00442122.1
7816475,9848,IPI:IPI00296039.7
7816475,9654,IPI:IPI00220709.3
7816475,9422,IPI:IPI00216135.1
7816475,8476,IPI:IPI00013991.1
7816475,8137,IPI:IPI00000230.5
7816475,2835,IPI:IPI00010779.3
7816475,38918,IPI:IPI00377005.1
7816475,9467,IPI:IPI00216975.1
7816525,44847,IPI:IPI00447356.1
7816525,19515,IPI:IPI00019599.1
7816525,44857,IPI:IPI00472498.3
7816525,47196,IPI:IPI00514724.1
7816525,42541,IPI:IPI00019600.1
7816525,20395,IPI:IPI00397947.1
7816525,42763,IPI:IPI00478005.2
7816525,41438,IPI:IPI00030962.7
7817215,11912,IPI:IPI00008223.3
7817215,40549,IPI:IPI00008219.1
7824405,26323,IPI:IPI00024057.2
7824405,27196,IPI:IPI00550363.1
7829009,1251,IPI:IPI00298994.3
7829145,36576,IPI:IPI00550965.1
7829145,36584,IPI:IPI00553150.1
7829145,36556,IPI:IPI00465233.1
7829535,31546,IPI:IPI00220642.4
7835804,21889,IPI:IPI00383751.1
7835804,29876,IPI:IPI00020599.1
7836519,12342,IPI:IPI00031522.2
7840206,1251,IPI:IPI00298994.3
7843431,43787,IPI:IPI00024175.3
7843431,43829,IPI:IPI00218372.1
7846758,34980,IPI:IPI00025252.1
7854361,36609,IPI:IPI00028004.2
7854770,28245,IPI:IPI00419307.1
7854770,28329,IPI:IPI00554737.1
7854770,5595,IPI:IPI00335449.3
7854770,5126,IPI:IPI00294178.1
7854770,28167,IPI:IPI00168184.5
7867719,1251,IPI:IPI00298994.3
7867870,1251,IPI:IPI00298994.3
7879128,26683,IPI:IPI00298961.3
7879505,8773,IPI:IPI00028006.1
7885517,31493,IPI:IPI00218782.2
7903049,31285,IPI:IPI00168235.4
7903049,13959,IPI:IPI00420014.2
7904345,19456,IPI:IPI00013508.3
7935283,28341,IPI:IPI00005161.3
7935283,28330,IPI:IPI00000477.1
7970857,21086,IPI:IPI00009865.1
7970857,18454,IPI:IPI00384444.4
7970857,59933,KRHU0
7970857,58987,IPI:IPI00375908.1
7970857,52440,IPI:IPI00218819.1
7970857,52359,IPI:IPI00217963.1
7970857,29698,IPI:IPI00383111.1
7970857,1324,IPI:IPI00328103.1
7970857,13439,IPI:IPI00375911.1
7970857,14451,IPI:IPI00479902.1
7970857,7420,IPI:IPI00473111.1
7970857,5736,IPI:IPI00375910.1
7970857,4613,IPI:IPI00217963.2
7970857,1883,IPI:IPI00443048.1
7970857,1784,IPI:IPI00418663.3
7970857,29653,IPI:IPI00295684.1
8076758,43176,IPI:IPI00411463.2
8076758,47261,IPI:IPI00414489.1
8076758,43023,IPI:IPI00003815.1
8076758,18691,IPI:IPI00412473.1
8215106,30240,IPI:IPI00216694.1
8215106,30428,IPI:IPI00477225.1
8215106,29860,IPI:IPI00010471.1
8221140,24045,IPI:IPI00021263.3
8222783,15674,IPI:IPI00219365.2
8222783,16944,IPI:IPI00514912.1
8222793,19456,IPI:IPI00013508.3
8222794,63830,IPI:IPI00217906.1
8222794,63957,IPI:IPI00328202.2
8256851,4443,IPI:IPI00216171.2
8309127,34337,IPI:IPI00075248.5
8309127,34450,IPI:IPI00550073.1
8309127,34449,IPI:IPI00549728.2
8309127,34381,IPI:IPI00386621.1
8328372,16289,IPI:IPI00396479.1
8328372,24045,IPI:IPI00021263.3
8328372,24273,IPI:IPI00180776.2
8328372,50085,IPI:IPI00021263.1
8328372,55624,IPI:IPI00396492.1
8328372,62582,IPI:IPI00180776.1
8331310,3075,IPI:IPI00018146.1
8331498,31851,IPI:IPI00375531.1
8331498,30661,IPI:IPI00012048.1
8345268,26224,IPI:IPI00010720.1
8438263,26526,IPI:IPI00178083.2
8438263,26582,IPI:IPI00218319.2
8438263,26583,IPI:IPI00218320.2
8438263,26774,IPI:IPI00382894.2
8438263,27095,IPI:IPI00477649.1
8438263,27115,IPI:IPI00478716.3
8438263,27127,IPI:IPI00479185.1
8438263,9361,IPI:IPI00183968.1
8439088,27127,IPI:IPI00479185.1
8439088,38918,IPI:IPI00377005.1
8439088,32580,IPI:IPI00455401.3
8439088,26583,IPI:IPI00218320.2
8439088,26526,IPI:IPI00178083.2
8439088,26582,IPI:IPI00218319.2
8439088,27115,IPI:IPI00478716.3
8470694,19456,IPI:IPI00013508.3
8470740,29203,IPI:IPI00030154.1
8470740,29464,IPI:IPI00479722.1
8470740,36489,IPI:IPI00374179.1
8471334,35946,IPI:IPI00554778.1
8471334,47159,IPI:IPI00376165.2
8471334,42096,IPI:IPI00220828.4
8471334,35834,IPI:IPI00299633.3
8471334,31862,IPI:IPI00376163.2
8471334,45940,IPI:IPI00180240.2
8474665,15674,IPI:IPI00219365.2
8474665,16944,IPI:IPI00514912.1
8490875,29488,IPI:IPI00000816.1
8503968,26582,IPI:IPI00218319.2
8503968,26583,IPI:IPI00218320.2
8503968,38918,IPI:IPI00377005.1
8503968,27127,IPI:IPI00479185.1
8503968,27115,IPI:IPI00478716.3
8503968,27095,IPI:IPI00477649.1
8503968,6575,IPI:IPI00413340.1
8503968,26526,IPI:IPI00178083.2
8503968,38423,IPI:IPI00414662.1
8503968,38380,IPI:IPI00145540.5
8503968,7070,IPI:IPI00455563.1
8503968,26774,IPI:IPI00382894.2
8505148,29488,IPI:IPI00000816.1
8505148,38965,IPI:IPI00086909.4
8505148,1985,IPI:IPI00455865.1
8505148,45526,IPI:IPI00396452.3
8507771,46003,IPI:IPI00329801.9
8541188,27095,IPI:IPI00477649.1
8541188,41883,IPI:IPI00216134.1
8541188,26582,IPI:IPI00218319.2
8541188,26526,IPI:IPI00178083.2
8541188,26774,IPI:IPI00382894.2
8541188,27115,IPI:IPI00478716.3
8541188,27127,IPI:IPI00479185.1
8541188,29536,IPI:IPI00018853.1
8541188,33711,IPI:IPI00218820.1
8541188,9467,IPI:IPI00216975.1
8541188,11495,IPI:IPI00513698.1
8541188,31969,IPI:IPI00384369.2
8541188,7070,IPI:IPI00455563.1
8541188,10993,IPI:IPI00455050.1
8541188,2835,IPI:IPI00010779.3
8541188,8137,IPI:IPI00000230.5
8541188,8476,IPI:IPI00013991.1
8541188,8490,IPI:IPI00014581.1
8541188,9361,IPI:IPI00183968.1
8541188,9422,IPI:IPI00216135.1
8541188,9654,IPI:IPI00220709.3
8541188,10868,IPI:IPI00442122.1
8541188,9848,IPI:IPI00296039.7
8557476,5337,IPI:IPI00302592.1
8557476,5560,IPI:IPI00333541.3
8558064,26323,IPI:IPI00024057.2
8558064,27196,IPI:IPI00550363.1
8559031,25470,IPI:IPI00289499.3
8590870,11145,IPI:IPI00457282.1
8590870,28799,IPI:IPI00012011.3
8621432,34980,IPI:IPI00025252.1
8621511,43005,IPI:IPI00549886.1
8621511,5308,IPI:IPI00301058.4
8622938,35362,IPI:IPI00220278.4
8622938,39988,IPI:IPI00376572.2
8622938,46638,IPI:IPI00033494.2
8622938,48106,IPI:IPI00220573.3
8635420,43784,IPI:IPI00021347.1
8635420,43878,IPI:IPI00386512.1
8635420,43936,IPI:IPI00472476.1
8639589,2470,IPI:IPI00000861.1
8639589,6090,IPI:IPI00386803.3
8643257,36379,IPI:IPI00003949.1
8643268,24337,IPI:IPI00219953.1
8643268,24914,IPI:IPI00514049.1
8643268,24932,IPI:IPI00514929.1
8649410,25470,IPI:IPI00289499.3
8649413,29203,IPI:IPI00030154.1
8649413,29464,IPI:IPI00479722.1
8649413,36489,IPI:IPI00374179.1
8649471,43288,IPI:IPI00020008.1
8652585,8386,IPI:IPI00010414.3
8665044,26774,IPI:IPI00382894.2
8665044,41883,IPI:IPI00216134.1
8665044,33711,IPI:IPI00218820.1
8665044,31969,IPI:IPI00384369.2
8665044,29536,IPI:IPI00018853.1
8665044,27095,IPI:IPI00477649.1
8665044,26582,IPI:IPI00218319.2
8665044,26526,IPI:IPI00178083.2
8665044,23311,IPI:IPI00374397.2
8665044,11495,IPI:IPI00513698.1
8665044,10993,IPI:IPI00455050.1
8665044,2835,IPI:IPI00010779.3
8665044,10868,IPI:IPI00442122.1
8665044,9848,IPI:IPI00296039.7
8665044,9654,IPI:IPI00220709.3
8665044,9467,IPI:IPI00216975.1
8665044,38918,IPI:IPI00377005.1
8665044,9422,IPI:IPI00216135.1
8665044,27127,IPI:IPI00479185.1
8665044,8490,IPI:IPI00014581.1
8665044,8476,IPI:IPI00013991.1
8665044,8137,IPI:IPI00000230.5
8665044,10884,IPI:IPI00442894.1
8683666,29860,IPI:IPI00010471.1
8689554,26526,IPI:IPI00178083.2
8689554,38918,IPI:IPI00377005.1
8689554,33711,IPI:IPI00218820.1
8689554,27127,IPI:IPI00479185.1
8689554,29536,IPI:IPI00018853.1
8689554,27115,IPI:IPI00478716.3
8689554,27095,IPI:IPI00477649.1
8689554,26774,IPI:IPI00382894.2
8689554,26583,IPI:IPI00218320.2
8689554,26582,IPI:IPI00218319.2
8689554,41883,IPI:IPI00216134.1
8689554,8476,IPI:IPI00013991.1
8689554,11495,IPI:IPI00513698.1
8689554,31969,IPI:IPI00384369.2
8689554,8137,IPI:IPI00000230.5
8689554,8490,IPI:IPI00014581.1
8689554,9361,IPI:IPI00183968.1
8689554,10993,IPI:IPI00455050.1
8689554,9467,IPI:IPI00216975.1
8689554,9654,IPI:IPI00220709.3
8689554,10868,IPI:IPI00442122.1
8689554,9848,IPI:IPI00296039.7
8689554,2835,IPI:IPI00010779.3
8689554,9422,IPI:IPI00216135.1
8689643,46979,IPI:IPI00300341.5
8689643,47585,IPI:IPI00013109.1
8695280,27127,IPI:IPI00479185.1
8695280,52385,IPI:IPI00218319.1
8695280,51699,IPI:IPI00176998.3
8695280,51730,IPI:IPI00178083.1
8695280,54751,IPI:IPI00382894.1
8695280,38918,IPI:IPI00377005.1
8695280,52386,IPI:IPI00218320.1
8695280,6575,IPI:IPI00413340.1
8695280,27095,IPI:IPI00477649.1
8695280,26774,IPI:IPI00382894.2
8695280,26583,IPI:IPI00218320.2
8695280,26582,IPI:IPI00218319.2
8695280,26526,IPI:IPI00178083.2
8695280,9361,IPI:IPI00183968.1
8695280,27115,IPI:IPI00478716.3
8695280,52373,IPI:IPI00218115.3
8696634,55390,IPI:IPI00395700.1
8696634,17254,IPI:IPI00013894.1
8716983,7323,IPI:IPI00470783.1
8716983,8555,IPI:IPI00018117.1
8736913,31546,IPI:IPI00220642.4
8753699,8475,IPI:IPI00013944.2
8753699,11286,IPI:IPI00477313.1
8753699,28714,IPI:IPI00411624.1
8753699,11015,IPI:IPI00455415.1
8753699,8756,IPI:IPI00027569.1
8753699,9442,IPI:IPI00216592.1
8766089,2939,IPI:IPI00013808.1
8766089,19456,IPI:IPI00013508.3
8766333,2939,IPI:IPI00013808.1
8766333,19456,IPI:IPI00013508.3
8778381,1251,IPI:IPI00298994.3
8784413,4696,IPI:IPI00218816.5
8784413,5869,IPI:IPI00382950.1
8784413,11239,IPI:IPI00472787.1
8784413,11253,IPI:IPI00473011.2
8798519,43787,IPI:IPI00024175.3
8798519,43829,IPI:IPI00218372.1
8802267,4569,IPI:IPI00217465.4
8802267,17930,IPI:IPI00217467.2
8802267,27571,IPI:IPI00217468.2
8865289,6260,IPI:IPI00397526.1
8929732,1251,IPI:IPI00298994.3
8978911,37192,IPI:IPI00477513.1
8978911,37196,IPI:IPI00478687.1
8978911,37143,IPI:IPI00217473.4
8978911,6474,IPI:IPI00410714.1
8978911,5575,IPI:IPI00334432.3
8978911,37198,IPI:IPI00480146.2
9014946,15109,IPI:IPI00030781.1
9014946,17951,IPI:IPI00218188.1
9065615,31546,IPI:IPI00220642.4
9065615,43668,IPI:IPI00216319.2
9065615,62582,IPI:IPI00180776.1
9065615,55170,IPI:IPI00386513.1
9065615,52622,IPI:IPI00220642.1
9065615,52182,IPI:IPI00216319.1
9065615,52181,IPI:IPI00216318.1
9065615,29488,IPI:IPI00000816.1
9065615,24273,IPI:IPI00180776.2
9065615,24045,IPI:IPI00021263.3
9065615,12853,IPI:IPI00216318.4
9065615,10669,IPI:IPI00411765.2
9065615,8474,IPI:IPI00013890.1
9065615,3075,IPI:IPI00018146.1
9065615,50085,IPI:IPI00021263.1
9268055,5560,IPI:IPI00333541.3
9268055,11713,IPI:IPI00553169.1
9268055,5337,IPI:IPI00302592.1
9279579,19456,IPI:IPI00013508.3
9279789,27200,IPI:IPI00550917.2
9279789,26342,IPI:IPI00027257.1
9293819,28584,IPI:IPI00005159.2
9293819,28747,IPI:IPI00470573.1
9300876,24273,IPI:IPI00180776.2
9300876,29488,IPI:IPI00000816.1
9300876,3075,IPI:IPI00018146.1
9300876,8474,IPI:IPI00013890.1
9300876,10669,IPI:IPI00411765.2
9300876,12853,IPI:IPI00216318.4
9300876,24045,IPI:IPI00021263.3
9304502,2939,IPI:IPI00013808.1
9321225,19456,IPI:IPI00013508.3
9321253,5337,IPI:IPI00302592.1
9321253,5560,IPI:IPI00333541.3
9321253,11713,IPI:IPI00553169.1
9327721,15674,IPI:IPI00219365.2
9327721,16944,IPI:IPI00514912.1
9354658,13154,IPI:IPI00296099.3
9378054,13154,IPI:IPI00296099.3
9378061,1159,IPI:IPI00291005.7
9393581,5337,IPI:IPI00302592.1
9393581,5560,IPI:IPI00333541.3
9432932,155,IPI:IPI00003925.5
9432932,2339,IPI:IPI00549885.2
9446141,18202,IPI:IPI00299571.4
9447943,5337,IPI:IPI00302592.1
9447943,5560,IPI:IPI00333541.3
9461071,38992,IPI:IPI00376164.2
9461071,45940,IPI:IPI00180240.2
9461071,42096,IPI:IPI00220828.4
9461071,35834,IPI:IPI00299633.3
9461071,31862,IPI:IPI00376163.2
9461071,35946,IPI:IPI00554778.1
9461133,24356,IPI:IPI00220637.4
9461133,24927,IPI:IPI00514587.1
9464258,34330,IPI:IPI00031461.1
9464371,29860,IPI:IPI00010471.1
9470221,11810,IPI:IPI00002966.1
9470629,39938,IPI:IPI00003817.1
9470885,15674,IPI:IPI00219365.2
9470885,16944,IPI:IPI00514912.1
9470890,2808,IPI:IPI00010133.1
9475838,5272,IPI:IPI00299155.5
9489281,43829,IPI:IPI00218372.1
9489281,43787,IPI:IPI00024175.3
9496827,1251,IPI:IPI00298994.3
9502363,31493,IPI:IPI00218782.2
9502363,35139,IPI:IPI00026185.4
9502539,34174,IPI:IPI00018768.1
9507046,5337,IPI:IPI00302592.1
9507046,7483,IPI:IPI00477536.1
9507046,5854,IPI:IPI00382700.1
9507046,5853,IPI:IPI00382699.1
9507046,7758,IPI:IPI00480131.1
9507046,5852,IPI:IPI00382698.1
9507046,5560,IPI:IPI00333541.3
9507046,5011,IPI:IPI00289334.1
9507046,1757,IPI:IPI00413958.2
9507046,838,IPI:IPI00178352.3
9507046,5851,IPI:IPI00382697.1
9507046,5850,IPI:IPI00382696.1
9510179,39938,IPI:IPI00003817.1
9510390,2808,IPI:IPI00010133.1
9510638,31493,IPI:IPI00218782.2
9510638,35139,IPI:IPI00026185.4
9510901,39938,IPI:IPI00003817.1
9511489,10673,IPI:IPI00411984.4
9511489,21112,IPI:IPI00011488.1
9511489,47164,IPI:IPI00385784.1
9513054,1251,IPI:IPI00298994.3
9513622,29860,IPI:IPI00010471.1
9514362,15674,IPI:IPI00219365.2
9514362,16944,IPI:IPI00514912.1
9514711,1251,IPI:IPI00298994.3
9514850,5337,IPI:IPI00302592.1
9514850,5560,IPI:IPI00333541.3
9514875,21183,IPI:IPI00017256.5
9514875,21865,IPI:IPI00377066.1
9538562,15674,IPI:IPI00219365.2
9538562,16944,IPI:IPI00514912.1
9544212,1251,IPI:IPI00298994.3
9643745,13154,IPI:IPI00296099.3
9677255,27127,IPI:IPI00479185.1
9677255,52385,IPI:IPI00218319.1
9677255,52386,IPI:IPI00218320.1
9677255,52373,IPI:IPI00218115.3
9677255,51730,IPI:IPI00178083.1
9677255,38423,IPI:IPI00414662.1
9677255,38380,IPI:IPI00145540.5
9677255,60495,IPI:IPI00145540.3
9677255,27095,IPI:IPI00477649.1
9677255,26774,IPI:IPI00382894.2
9677255,26583,IPI:IPI00218320.2
9677255,26582,IPI:IPI00218319.2
9677255,54751,IPI:IPI00382894.1
9677255,26526,IPI:IPI00178083.2
9677255,9361,IPI:IPI00183968.1
9677255,6575,IPI:IPI00413340.1
9677255,27115,IPI:IPI00478716.3
9696233,10477,IPI:IPI00396482.3
9696233,10711,IPI:IPI00413440.1
9696233,24345,IPI:IPI00220301.4
9697143,15674,IPI:IPI00219365.2
9697143,16944,IPI:IPI00514912.1
9698210,42784,IPI:IPI00550488.2
9698210,35138,IPI:IPI00024102.3
9699419,2939,IPI:IPI00013808.1
9699419,19456,IPI:IPI00013508.3
9827728,17899,IPI:IPI00216256.2
9827728,18538,IPI:IPI00395750.3
9828178,15674,IPI:IPI00219365.2
9828178,16944,IPI:IPI00514912.1
9828412,64727,IPI:IPI00376163.1
9828412,31862,IPI:IPI00376163.2
9828412,65111,IPI:IPI00220828.1
9828412,65155,IPI:IPI00299633.1
9828412,65075,IPI:IPI00180240.1
9828412,42096,IPI:IPI00220828.4
9828412,35834,IPI:IPI00299633.3
9828412,35946,IPI:IPI00554778.1
9828412,45940,IPI:IPI00180240.2
9845326,1251,IPI:IPI00298994.3
9846558,23151,IPI:IPI00240675.1
9846558,23178,IPI:IPI00290110.3
9982467,34330,IPI:IPI00031461.1
10030723,1251,IPI:IPI00298994.3
10073765,29860,IPI:IPI00010471.1
10076941,41422,IPI:IPI00022446.1
10076941,42272,IPI:IPI00022295.1
10186214,5251,IPI:IPI00298497.3
10363604,9514,IPI:IPI00217975.3
11189635,13154,IPI:IPI00296099.3
12647064,39938,IPI:IPI00003817.1
12654139,19456,IPI:IPI00013508.3
12668526,35985,IPI:IPI00028091.1
12685437,28341,IPI:IPI00005161.3
12703363,15031,IPI:IPI00024067.1
12703363,16655,IPI:IPI00455383.1
12706536,17899,IPI:IPI00216256.2
12706536,18538,IPI:IPI00395750.3
12706536,17858,IPI:IPI00182856.9
12709931,1251,IPI:IPI00298994.3
12710117,8303,IPI:IPI00007263.2
12710117,11744,IPI:IPI00554811.1
12710117,32036,IPI:IPI00386354.1
12713064,26526,IPI:IPI00178083.2
12713064,27127,IPI:IPI00479185.1
12713064,27115,IPI:IPI00478716.3
12713064,27095,IPI:IPI00477649.1
12713064,26774,IPI:IPI00382894.2
12713064,26582,IPI:IPI00218319.2
12713064,9361,IPI:IPI00183968.1
12713064,26583,IPI:IPI00218320.2
12714206,19456,IPI:IPI00013508.3
12717392,19517,IPI:IPI00019884.1
12717392,2939,IPI:IPI00013808.1
12717392,3575,IPI:IPI00032137.1
12717392,19456,IPI:IPI00013508.3
12755213,11744,IPI:IPI00554811.1
12755213,8303,IPI:IPI00007263.2
12789048,5337,IPI:IPI00302592.1
12789048,5560,IPI:IPI00333541.3
12801819,19456,IPI:IPI00013508.3
12815311,44367,IPI:IPI00012093.1
12815311,44566,IPI:IPI00550748.1
12815311,37565,IPI:IPI00552426.1
12815311,25579,IPI:IPI00335281.1
12815311,25007,IPI:IPI00002212.1
12815311,9789,IPI:IPI00292827.3
12815311,9212,IPI:IPI00168350.3
12816867,43668,IPI:IPI00216319.2
12818244,5337,IPI:IPI00302592.1
12818244,5560,IPI:IPI00333541.3
12818244,11713,IPI:IPI00553169.1
12818402,1251,IPI:IPI00298994.3
13365600,30764,IPI:IPI00017704.1
13365600,32983,IPI:IPI00550516.2
13371898,33294,IPI:IPI00016513.3
13378221,41377,IPI:IPI00514027.1
13378221,18730,IPI:IPI00414676.5
13378221,18329,IPI:IPI00334775.3
13378221,5831,IPI:IPI00382470.2
13382254,24045,IPI:IPI00021263.3
13382254,24273,IPI:IPI00180776.2
13385656,2470,IPI:IPI00000861.1
13385656,6090,IPI:IPI00386803.3
13398665,43668,IPI:IPI00216319.2
13404087,15957,IPI:IPI00306301.1
13404087,12198,IPI:IPI00024087.3
13404485,36489,IPI:IPI00374179.1
13404485,29203,IPI:IPI00030154.1
13404485,29464,IPI:IPI00479722.1
13414380,15431,IPI:IPI00169383.2
13415225,19456,IPI:IPI00013508.3
13416786,15674,IPI:IPI00219365.2
13416786,16944,IPI:IPI00514912.1
13421335,14962,IPI:IPI00019502.1
13421335,16268,IPI:IPI00395772.3
13465550,15674,IPI:IPI00219365.2
13465550,16944,IPI:IPI00514912.1
13471131,19456,IPI:IPI00013508.3
13500572,2500,IPI:IPI00001639.2
13511838,5337,IPI:IPI00302592.1
13511838,5560,IPI:IPI00333541.3
14077642,14962,IPI:IPI00019502.1
14077642,16268,IPI:IPI00395772.3
14310086,31969,IPI:IPI00384369.2
14310086,26583,IPI:IPI00218320.2
14310086,26774,IPI:IPI00382894.2
14310086,27095,IPI:IPI00477649.1
14310086,27115,IPI:IPI00478716.3
14310086,27127,IPI:IPI00479185.1
14310086,28217,IPI:IPI00376594.2
14310086,29536,IPI:IPI00018853.1
14310086,33711,IPI:IPI00218820.1
14310086,38380,IPI:IPI00145540.5
14310086,38423,IPI:IPI00414662.1
14310086,26582,IPI:IPI00218319.2
14310086,41883,IPI:IPI00216134.1
14310086,9361,IPI:IPI00183968.1
14310086,26526,IPI:IPI00178083.2
14310086,2835,IPI:IPI00010779.3
14310086,8137,IPI:IPI00000230.5
14310086,35798,IPI:IPI00180173.4
14310086,8490,IPI:IPI00014581.1
14310086,9422,IPI:IPI00216135.1
14310086,9467,IPI:IPI00216975.1
14310086,9654,IPI:IPI00220709.3
14310086,9848,IPI:IPI00296039.7
14310086,10868,IPI:IPI00442122.1
14310086,10884,IPI:IPI00442894.1
14310086,10993,IPI:IPI00455050.1
14310086,11495,IPI:IPI00513698.1
14310086,8476,IPI:IPI00013991.1
14350105,31493,IPI:IPI00218782.2
14350105,35139,IPI:IPI00026185.4
14394068,19431,IPI:IPI00010896.2
14394068,20994,IPI:IPI00554767.1
14419756,1251,IPI:IPI00298994.3
14472126,1251,IPI:IPI00298994.3
14545492,14962,IPI:IPI00019502.1
14581559,42261,IPI:IPI00016832.1
14581559,42455,IPI:IPI00472442.4
14581559,66811,IPI:IPI00218491.1
14709720,31493,IPI:IPI00218782.2
14709720,35139,IPI:IPI00026185.4
14820955,23068,IPI:IPI00216230.2
14820955,22824,IPI:IPI00030131.2
14820955,23028,IPI:IPI00181409.3
14953397,1000,IPI:IPI00219299.1
14953397,1251,IPI:IPI00298994.3
15037563,38368,IPI:IPI00027799.2
15052122,21527,IPI:IPI00186966.3
15052122,21959,IPI:IPI00395680.2
15052122,34787,IPI:IPI00477833.1
15052122,34713,IPI:IPI00305486.3
15052122,34700,IPI:IPI00220791.2
15052122,32994,IPI:IPI00550792.1
15052122,21637,IPI:IPI00220997.1
15052122,4883,IPI:IPI00220996.1
15052122,5509,IPI:IPI00329733.2
15052122,4849,IPI:IPI00220587.1
15052122,4884,IPI:IPI00220998.1
15052122,33031,IPI:IPI00553064.1
15052122,4885,IPI:IPI00220999.3
15052122,4848,IPI:IPI00220586.1
15052122,4886,IPI:IPI00221000.1
15052122,4887,IPI:IPI00221001.1
15457661,1474,IPI:IPI00382733.1
15457661,200,IPI:IPI00006207.1
15898561,4096,IPI:IPI00166845.1
15898561,31773,IPI:IPI00328867.4
15898561,41584,IPI:IPI00479530.1
15898561,41509,IPI:IPI00394952.3
15898561,41500,IPI:IPI00383291.1
15898561,32827,IPI:IPI00479211.2
15898561,27098,IPI:IPI00477734.1
15898561,26254,IPI:IPI00013981.1
15898561,7897,IPI:IPI00515097.1
15898561,4717,IPI:IPI00219012.2
15898561,5099,IPI:IPI00292874.3
16570240,29860,IPI:IPI00010471.1
16578241,1251,IPI:IPI00298994.3
16730631,5862,IPI:IPI00382844.1
17111138,1251,IPI:IPI00298994.3
20759149,11149,IPI:IPI00457336.1
20924720,157,IPI:IPI00004237.1
20924720,21386,IPI:IPI00107745.2
20924720,22481,IPI:IPI00549437.1
20924720,59133,IPI:IPI00383446.1
20924720,48936,IPI:IPI00470619.3
20924720,67914,IPI:IPI00244567.2
20942859,41323,IPI:IPI00414954.1
20952224,2939,IPI:IPI00013808.1
20960227,17973,IPI:IPI00219077.1
20960227,28040,IPI:IPI00514090.1
20977237,43954,IPI:IPI00513722.1
20977237,41245,IPI:IPI00218493.6
21095848,9361,IPI:IPI00183968.1
21095848,26774,IPI:IPI00382894.2
21266711,37400,IPI:IPI00020906.1
21266724,31699,IPI:IPI00298547.3
21513228,5851,IPI:IPI00382697.1
21513228,5853,IPI:IPI00382699.1
21513228,5854,IPI:IPI00382700.1
21513228,7758,IPI:IPI00480131.1
21513228,5852,IPI:IPI00382698.1
21513228,5560,IPI:IPI00333541.3
21513228,5337,IPI:IPI00302592.1
21513228,5011,IPI:IPI00289334.1
21513228,1757,IPI:IPI00413958.2
21513228,838,IPI:IPI00178352.3
21513228,7483,IPI:IPI00477536.1
21513228,5850,IPI:IPI00382696.1
21530300,1251,IPI:IPI00298994.3
21530300,53366,IPI:IPI00298994.1
21530360,1000,IPI:IPI00219299.1
21530360,1251,IPI:IPI00298994.3
21530381,24927,IPI:IPI00514587.1
21530381,24356,IPI:IPI00220637.4
21532320,38703,IPI:IPI00291922.2
22029584,1251,IPI:IPI00298994.3
22971583,5129,IPI:IPI00294304.7
22971583,7954,IPI:IPI00550239.3
24868737,29860,IPI:IPI00010471.1
24895882,29860,IPI:IPI00010471.1
25088819,1251,IPI:IPI00298994.3
26049437,29860,IPI:IPI00010471.1
27026364,1159,IPI:IPI00291005.7
27843644,39137,IPI:IPI00019345.1
27843644,45898,IPI:IPI00412525.1
27843644,39226,IPI:IPI00550325.1
27843644,39132,IPI:IPI00015148.3
27843644,39197,IPI:IPI00414212.2
28788044,1251,IPI:IPI00298994.3
28837376,19456,IPI:IPI00013508.3
28848211,5337,IPI:IPI00302592.1
28848211,5560,IPI:IPI00333541.3
28915976,1251,IPI:IPI00298994.3
29181399,1251,IPI:IPI00298994.3
29211554,1000,IPI:IPI00219299.1
29211554,1251,IPI:IPI00298994.3
31014275,37418,IPI:IPI00101968.3
31014275,37493,IPI:IPI00396437.3
31014275,37538,IPI:IPI00456925.3
31024237,139,IPI:IPI00002647.2
31024237,11222,IPI:IPI00472164.2
31024237,57254,IPI:IPI00097790.1
31024237,61675,IPI:IPI00385921.1
31044770,1251,IPI:IPI00298994.3
31939972,17124,IPI:IPI00005162.1
31939972,17227,IPI:IPI00011791.1
31939972,39895,IPI:IPI00398933.1
32400484,28040,IPI:IPI00514090.1
32400484,17973,IPI:IPI00219077.1
32459796,14798,IPI:IPI00008274.3
32819492,14869,IPI:IPI00013219.1
32819492,15047,IPI:IPI00025644.1
33069414,52956,IPI:IPI00289966.1
33069414,53312,IPI:IPI00297636.1
33069414,54053,IPI:IPI00333757.1
33988767,1251,IPI:IPI00298994.3
34136050,5337,IPI:IPI00302592.1
34136050,5560,IPI:IPI00333541.3
34138531,5337,IPI:IPI00302592.1
34138531,5560,IPI:IPI00333541.3
34145568,18568,IPI:IPI00397834.1
34145568,31431,IPI:IPI00216699.1
34202267,1251,IPI:IPI00298994.3
34255431,5337,IPI:IPI00302592.1
34255431,5560,IPI:IPI00333541.3
34274197,11800,IPI:IPI00002459.3
34274197,13035,IPI:IPI00221226.6
34274197,25858,IPI:IPI00442825.1
34842749,1000,IPI:IPI00219299.1
34842749,1251,IPI:IPI00298994.3
34862891,43279,IPI:IPI00013454.4
34862891,43321,IPI:IPI00216532.1
34882406,1251,IPI:IPI00298994.3
35511032,2815,IPI:IPI00010270.1
47348698,14798,IPI:IPI00008274.3
47456509,29306,IPI:IPI00291936.3
48028567,23151,IPI:IPI00240675.1
48028567,23178,IPI:IPI00290110.3
48402771,12638,IPI:IPI00166711.2
48402771,13394,IPI:IPI00339379.3
48402771,13657,IPI:IPI00395605.3
48402771,13986,IPI:IPI00433169.1
50089623,32994,IPI:IPI00550792.1
50089623,33031,IPI:IPI00553064.1
59615241,1000,IPI:IPI00219299.1
59615241,1251,IPI:IPI00298994.3
59615320,5560,IPI:IPI00333541.3
59615320,5337,IPI:IPI00302592.1
59636969,15674,IPI:IPI00219365.2
59636969,16944,IPI:IPI00514912.1
61144436,25259,IPI:IPI00103685.1
61144436,25410,IPI:IPI00217660.1
63577877,15674,IPI:IPI00219365.2
63577877,16944,IPI:IPI00514912.1
71842413,1206,IPI:IPI00294739.1
114104708,43279,IPI:IPI00013454.4
114104708,43321,IPI:IPI00216532.1
169263025,29892,IPI:IPI00026928.3
