Protein Name,D8_KO1,D8_KO2,D8_KO3,D8_KO4,D8_WT_1,D8_WT_3,D8_WT_4,D8_WT_5
PSB6_MOUSE,0.242839507,0.161467416,-0.112390416,0.00619394,-0.511579853,-0.159739004,-0.418798852,-0.14593974
PSA3_MOUSE,-0.9125082,-0.720098318,-1.260950746,-0.998410862,-1.271072418,-1.45905038,-1.286832141,-1.356127159
PSA2_MOUSE,0.221784929,0.085930321,-0.016547988,-0.022657162,-0.247289225,-0.397657908,-0.215036397,-0.25035929
PSME2_MOUSE,-0.113237845,-0.317783013,-0.336137815,-0.253955358,-0.554017547,-0.925757408,-0.433718938,-0.48542336
PRS6A_MOUSE,1.182176305,1.11864973,0.99890659,1.107049118,0.804883682,0.725041164,0.831954304,0.800850759
KDM5C_MOUSE,-0.617720176,-0.604291654,-0.664466925,-0.642333421,-0.824677477,,-0.98795609,-0.99652708
PSA6_MOUSE,-0.059907024,-0.331199319,-0.502165935,-0.32692787,-0.537298186,-0.647709675,-0.561939542,-0.641580373
PSA7_MOUSE,-0.307885741,-0.31055606,-0.422875839,-0.340445156,-0.861699399,-0.529629474,-0.703114869,-0.430254683
PSMD4_MOUSE,-0.807709214,-0.568343791,-0.66061205,-0.438142994,-0.966581275,,-0.850148875,-0.851919636
PSA5_MOUSE,0.043409958,0.022000447,-0.069000311,-0.046328961,-0.203194244,-0.337074108,-0.388530705,-0.184446227
PSB1_MOUSE,-0.507919666,-0.730927643,-0.762122105,-0.660408433,-0.928504083,-0.884209466,-0.933039948,-0.978593302
PRS6B_MOUSE,-0.775219892,-0.809922682,-0.888666767,-0.834306093,-0.998301286,-1.157391115,-1.051914866,-1.141935511
PSA1_MOUSE,-0.142803672,-0.188254124,-0.295429017,-0.231429328,-0.359118796,-0.583614631,-0.474330985,-0.470444971
PSMD2_MOUSE,-0.194926158,-0.213579872,-0.275261014,-0.233362342,-0.409230607,-0.424778187,-0.406697736,-0.402058405
PSMD7_MOUSE,-0.656522695,-0.839928775,-0.810189085,-0.769457554,-0.884586129,-1.019135413,-0.930598793,-0.899602172
PRS4_MOUSE,-0.785694484,-0.888957611,-0.960514179,-0.95390242,-1.063376186,-0.99806218,-1.012393148,-0.998699823
PRS7_MOUSE,-1.058432688,-1.341704743,-1.644731268,-1.463638852,,,-1.411438955,
PSA7L_MOUSE,-1.074466838,-1.212534905,-1.34448449,-0.892366901,,,,-0.797330571
SPTN1_MOUSE,0.543923116,0.624355089,0.59889513,0.091419973,-0.617950481,-0.093112625,-0.799825578,-0.629775521
SNX2_MOUSE,-0.207031141,-0.404591846,-0.647161128,-0.518565089,,-1.460620019,-1.454069267,-0.564638766
PLEC_MOUSE,-0.555259012,-0.743220416,-0.672275211,-0.686743877,-1.264826846,-1.394640957,-1.446528407,-1.375554722
1433T_MOUSE,0.201867687,0.217559422,0.233604286,0.25766961,,-0.711955751,-0.542240686,-0.109993553
HS74L_MOUSE,-0.073612238,-0.225086587,-0.404507703,-0.238994447,-0.87539153,-0.828715906,-0.948370172,-1.012950808
HBB2_MOUSE,-0.013772771,-0.105143664,-0.299364225,0.078223185,-0.962981303,-1.057219568,-0.954569056,-0.053212691
GSTM4_MOUSE,0.945990648,0.65498551,0.086402879,0.334600246,0.137787053,-0.214614007,-0.093523243,-0.45932416
CATD_MOUSE,0.125487386,-0.1092059,-0.481207976,-0.235573586,-0.604057805,-1.025483434,-0.883171133,-0.836413104
F10A1_MOUSE,-0.267708343,-0.426323382,-0.49605886,-0.41805861,-1.198079799,-1.257890628,-1.057438873,-0.689917063
COF2_MOUSE,0.051297553,-0.033688898,-0.248568233,-0.210127682,-0.747677239,-0.938477233,-0.615358186,-0.570422551
DEST_MOUSE,0.242644783,0.202497253,-0.065828651,0.040391583,-0.612243678,-0.741092587,-0.335752357,-0.320499278
GSTM7_MOUSE,0.918925748,0.371657204,0.17489143,0.333780734,0.056626926,-0.214614007,-0.137864123,-0.315311082
NPL_MOUSE,-0.594881934,-0.845382813,-1.040581743,-0.885882456,-1.22955755,,-1.655828019,-1.438156351
GSTM6_MOUSE,0.062246271,-0.506467523,-0.682467616,-0.534800417,-0.770554649,-1.024817878,-1.005625761,-1.255079259
RBM14_MOUSE,0.65236734,0.852289284,0.782470649,0.851174866,0.001291188,0.335421177,0.022550908,0.42671812
ECHB_MOUSE,-0.675411584,-0.469068949,-0.513591641,-0.770160351,-1.034772119,-1.058844207,-0.956510064,-1.678952125
GSTM2_MOUSE,0.857790143,0.382750486,0.186159622,0.333780734,-0.00695944,-0.15705624,-0.11734883,-0.258377466
TPR_MOUSE,-0.026721492,-0.461178876,-0.315781343,-0.043143265,-0.494315269,-0.994325196,,-0.829323307
CAPZB_MOUSE,0.073907419,0.171383823,-0.2200791,-0.092886136,-0.55302507,-0.723785994,-0.505814496,-0.499401186
PCCA_MOUSE,-0.158568243,-0.302429971,-0.420587385,-0.258981564,-0.586679902,,-1.258778692,-0.66813184
CBR3_MOUSE,-0.409729325,-0.545326535,-1.014258811,-0.545645399,-1.259280907,-1.301595864,-0.891413309,-1.23452464
CAZA1_MOUSE,0.061859612,0.202910051,-0.029129973,-0.021086707,-0.502860367,-0.645517417,-0.490764386,-0.301534504
PLCD1_MOUSE,-0.270956331,-0.554505965,-0.634339761,-0.673325285,-1.097126505,-1.217064192,-1.109349703,-0.814324617
RL5_MOUSE,-0.1047597,-0.194452082,-0.183476296,-0.157072766,-0.927447491,-0.813505433,-0.390151044,-0.557697462
HS105_MOUSE,-0.114643053,-0.225484705,-0.404507703,-0.238994447,-0.744011185,-0.87857717,-0.618595501,-0.749303589
APOA1_MOUSE,0.951161913,0.705493638,0.568529061,0.5608666,0.328793897,0.028582311,0.255437867,0.169182225
CYBP_MOUSE,-0.590718937,-0.469756973,-0.29119738,-0.28712273,-0.909538787,-0.929536521,-0.866125542,-0.910994725
EF1A2_MOUSE,0.712917862,0.566905452,0.608800538,0.702407016,0.197947553,0.131187459,0.174173536,0.119692541
SC31A_MOUSE,-0.64972692,-0.891736061,-1.061340273,-0.897553552,-1.411408736,-1.540248179,-1.521934968,-0.984648402
MUG1_MOUSE,-0.809925546,-0.721601134,-0.887904762,-0.87515009,-1.24744901,-1.471168532,-1.301296809,-1.229951032
COX5A_MOUSE,0.131137097,0.01514533,-0.179068607,-0.074251089,-0.381313309,-0.499091226,-0.830145176,-0.341684318
TCPW_MOUSE,-0.404684446,-0.28439777,-0.269701849,-0.350557948,,-0.570751383,-0.729578584,-1.134475333
ECHM_MOUSE,-0.013879696,-0.249100818,-0.468181213,-0.378599571,-0.985665704,-0.800693901,-0.641694793,-0.605191094
PRDX5_MOUSE,-0.457564507,-0.566630525,-0.734379088,-0.656801929,-1.040153397,-1.334855886,-1.163547915,-0.794856276
SPA3C_MOUSE,-0.6023035,-0.514133511,-0.369039371,-0.533458998,-0.965916459,-0.899274709,-0.952121968,-1.112640733
ITIH2_MOUSE,-0.357745023,-0.518895146,-0.457804098,-0.706991775,-0.743534189,-1.102347065,,-1.108727508
VTNC_MOUSE,-1.087254322,-0.884391077,-1.115214566,-1.320569187,-1.775932736,,-1.453904722,-1.497100908
ECHA_MOUSE,-0.626998651,-0.856199569,-0.955760023,-0.842252753,-1.432911568,-1.442546295,-1.245301934,-1.044162691
TYB10_MOUSE,-0.361228318,-0.245320713,-0.250106126,-0.292128812,-0.689465567,-0.893002471,-0.836503229,-0.574081848
METK2_MOUSE,-0.280898955,-0.374194865,-0.525911542,-0.468749285,-0.653111713,-0.939007016,-0.712946909,-1.180012295
HNRPL_MOUSE,0.325990962,0.21649088,-0.021779064,0.07488018,-0.583144371,-0.232013997,-0.149498549,-0.268453195
FIBG_MOUSE,-0.757150235,-0.803592363,-0.846683477,-0.926436196,-1.317577485,-1.392176868,-1.185413062,-1.266990784
IMPA1_MOUSE,-0.819028045,-0.972475952,-1.127873415,-0.975151399,-1.153747013,-1.495630354,-1.30824646,-1.725656695
TCTP_MOUSE,0.69336708,0.509407698,0.307701084,0.419749977,0.021852511,-0.076436145,0.18812745,0.027305361
CAP1_MOUSE,-0.041834176,-0.489553391,-0.336669929,-0.193796393,-0.676795531,-0.781230678,-0.688654724,-0.683255027
DX39B_MOUSE,0.01314222,-0.260691561,-0.186838638,-0.241523619,-0.608826549,-0.746342498,-0.640638687,-0.439022647
MARCS_MOUSE,-0.622643735,-0.713128771,-0.901721819,-0.848667763,,-1.257063524,,-1.160157042
6PGD_MOUSE,-0.445800408,-0.665902837,-0.613120281,-0.540335684,-1.036950033,-1.20850963,-1.037052195,-0.72554306
CNDP2_MOUSE,-0.23651661,-0.248891291,-0.322633229,-0.367820884,-0.979603128,-0.926293249,-0.605909766,-0.40193614
CHM4B_MOUSE,-0.304834831,-0.522400628,-0.190880915,-0.426493994,-0.639245098,-0.962689578,-0.76869465,-0.793790806
ATP5J_MOUSE,-0.50631933,-0.626588808,-0.674057861,-0.429275721,,-1.1080015,-1.038279145,-0.814089296
A1AT4_MOUSE,0.209348871,0.219790048,0.155627164,0.139831238,-0.227296159,-0.428066956,-0.338457223,0.033166986
COEA1_MOUSE,-0.23887391,-0.33936379,-0.584930294,-0.505734467,-0.881723473,-1.01724829,-0.719795693,-0.734414081
ANXA4_MOUSE,-0.551718067,-0.713142489,-0.868043831,-0.757841745,-1.121802436,-1.387832671,-1.211717875,-0.848849783
EIF3H_MOUSE,-0.344706574,-0.443617578,-0.499831482,-0.571559764,,,-1.004796044,-0.762807861
ARF2_MOUSE,-0.475597089,-0.441329544,-0.653490987,-0.479335834,-0.943047063,-1.059083842,-0.820155548,-0.895253988
ARF5_MOUSE,-0.501041082,-0.392346392,-0.633142445,-0.534816594,-0.904122739,-1.008152336,-0.925393772,-0.88992553
ACSF2_MOUSE,-1.103098898,-0.915069317,-1.118560682,-1.072006807,-1.326896515,-1.664551363,-1.481142925,-1.392845447
HEXB_MOUSE,-0.381055079,-0.41566307,-0.674452368,-0.419817618,-0.902297566,-1.092429303,-0.894594114,-0.648758491
ROA1_MOUSE,-0.428711768,-0.470505966,-0.526759317,-0.478262232,-0.843185494,-1.032706116,-0.88871095,-0.778754518
GSTM1_MOUSE,0.930869265,0.638703412,0.505513508,0.550396559,0.375994642,0.18873066,0.233061432,0.21328175
1433Z_MOUSE,0.07153571,-0.163504872,-0.270966601,-0.175619452,-0.348372755,-0.66040116,-0.594536248,-0.540062079
NEDD8_MOUSE,-1.315420282,-1.182028947,-1.638676459,-1.448452865,,,,-1.796417708
ODPA_MOUSE,-0.433020263,-0.489647774,-0.710585221,-0.487129895,-1.11816303,-0.839893266,-0.635268405,-1.12778176
PUR4_MOUSE,-0.498393832,-0.562273547,-0.533052535,-0.419978159,-0.804179201,-0.971633986,-0.948367066,-0.887390053
CH10_MOUSE,0.475679212,0.654351373,0.558218136,0.620796662,0.173077324,0.07806897,0.174337017,0.291724626
EHD2_MOUSE,-0.42816511,-0.633391152,-0.806107213,-0.630304066,-1.221664416,-1.207217092,-0.950638356,-0.710141825
PDIA1_MOUSE,0.394853811,0.202934589,0.11236919,0.294628823,-0.089017961,-0.401259632,-0.051888585,-0.041845709
SEPT2_MOUSE,-0.001785307,-0.073208519,-0.233038547,-0.086644204,-0.830866207,-0.441280572,-0.313316871,-0.390655645
FLNC_MOUSE,-0.4856422,-0.883957608,-0.87263957,-0.651825584,-1.211016815,-1.256918979,-1.123110076,-0.881957491
DDB1_MOUSE,-0.549727727,-0.799516468,-0.857762005,-0.820554379,-1.195505124,-1.030099746,-1.067158963,-1.267979326
ARF4_MOUSE,-0.708144633,-0.747034374,-1.059714654,-0.893041069,-1.237742608,-1.341004401,-1.168801254,-1.189579494
SPTB2_MOUSE,0.201479272,-0.117852717,-0.181045201,-0.081793824,-0.508087623,-0.317108266,-0.340722038,-0.535867438
DX39A_MOUSE,-0.085244142,-0.260691561,-0.120067898,-0.287808445,-0.608826549,-0.746342498,-0.679033542,-0.235789989
G6PI_MOUSE,0.381757095,0.329054074,-0.024980294,0.118501608,-0.220690334,-0.224499978,-0.127703934,-0.135579244
ANXA1_MOUSE,-0.067155377,-0.445492269,-0.535120496,-0.407152532,-0.603101295,-0.687199294,-0.904818316,-0.759951221
FIBB_MOUSE,0.528663538,0.413627214,0.320296265,0.303247443,0.058673781,-0.200729191,0.138928914,0.069923702
ARPC3_MOUSE,-0.201399457,-0.332267234,-0.301002036,-0.442895305,-0.754881317,-0.7642792,-0.745212006,-0.503350656
EF2_MOUSE,-0.189313817,-0.337199668,-0.450055648,-0.361128903,-0.697540897,-0.76145652,-0.76610509,-0.60180631
LAMC1_MOUSE,-0.372227761,-0.605713076,-0.939387021,-0.678753605,-0.984729619,-0.907973186,-1.103035346,-1.088587866
A1AT5_MOUSE,0.541560662,0.465177125,0.315492399,0.374333888,0.191219685,-0.177073602,0.063079605,0.136720066
MYLK_MOUSE,-0.117086008,-0.271123499,-0.392243643,-0.303842207,-0.620699853,-0.707831869,-0.690417423,-0.546570571
PGK1_MOUSE,0.188724066,0.157257937,-0.065543332,0.153979835,-0.241725732,-0.337580018,-0.279092836,-0.185000154
PDLI1_MOUSE,-0.536501236,-0.4713751,-0.488271185,-0.595764874,-0.820216898,-0.871226053,-1.004671301,-0.873577443
TCPQ_MOUSE,0.262737608,0.232980687,0.028837954,0.090073343,-0.132452674,-0.226789467,-0.256004838,-0.244362368
TCPH_MOUSE,-1.067275728,-1.16552441,-1.404684687,-1.259209521,-1.72241406,-1.478855061,-1.764792091,-1.403278862
DHSA_MOUSE,-0.544765576,-0.650993582,-0.67606738,-0.636726574,-1.091038845,-0.955540694,-0.924331099,-1.009630971
AL7A1_MOUSE,-0.968057005,-0.973025542,-1.106117372,-0.971050103,-1.491907148,-1.38022468,-1.333880946,-1.27716916
ESTD_MOUSE,-0.73362715,-0.837168225,-1.139077826,-0.873451066,-1.323926452,-1.258230012,-1.292114071,-1.169494616
FINC_MOUSE,0.038692604,-0.243712035,-0.261472547,-0.205913763,-0.604944467,-0.528034538,-0.57017632,-0.415619555
A2M_MOUSE,0.536129422,0.466817143,0.253585694,0.238654843,0.133223229,-0.182816017,0.11022375,-0.009309498
DDX17_MOUSE,-0.495749974,-0.600313162,-0.611486396,-0.678709971,-0.908869139,-0.900782517,-1.123509947,-0.886104
TBB4A_MOUSE,0.714885031,0.70210726,0.551987081,0.637262854,0.284093537,0.25051983,0.332907615,0.313868851
BTF3_MOUSE,-0.321287502,-0.266792866,-0.348197019,-0.453237127,-0.637229213,-0.86990194,-0.774845497,-0.531787728
RBM3_MOUSE,-0.752810141,-0.623433978,-0.779423785,-0.765020887,-1.061486809,-1.162749901,-1.189269628,-0.930116562
DPYL2_MOUSE,-0.970175864,-1.146568927,-1.286920185,-1.20481047,-1.455643447,-1.669910953,-1.348961685,-1.548623982
K2C8_MOUSE,-0.096798294,-0.192085646,-0.437789157,-0.267162932,-0.482570025,-0.792256971,-0.567586377,-0.564890212
MATR3_MOUSE,-0.062107135,-0.134544377,-0.0932371,-0.1003295,-0.395032569,-0.504282522,-0.409597005,-0.475283731
HS71L_MOUSE,-0.444291446,-0.564688546,-0.713521008,-0.619273343,-0.861415641,-0.999220283,-1.054491239,-0.815873637
HMGB2_MOUSE,0.662406032,0.541665682,0.47383988,0.569653456,0.309734567,0.094481262,0.238259279,0.219663129
PGBM_MOUSE,-0.669595072,-0.762356944,-0.810742539,-0.797148886,-1.256476605,-1.084845274,-0.987081433,-1.085026071
ARF1_MOUSE,-0.48463245,-0.441329544,-0.641059631,-0.479335834,-0.74492844,-0.991420334,-0.762462244,-0.92112101
THIKA_MOUSE,-0.902784123,-1.085495517,-1.194738959,-1.133478202,-1.275034642,-1.475900309,-1.429959902,-1.506177511
BACH_MOUSE,0.298244781,0.245127874,0.211955546,0.21981264,-0.069412901,-0.199535375,-0.097142433,-0.028172626
CALR_MOUSE,0.450202071,0.286207332,0.169049489,0.238619387,0.012107132,-0.206958457,-0.012850621,-0.015241891
DDX1_MOUSE,-0.267995232,-0.399550083,-0.499743929,-0.410215319,-0.673465127,-0.82007736,-0.748406977,-0.697037984
RS17_MOUSE,-0.263269373,-0.480863694,-0.471887059,-0.574894518,-0.720391057,-0.839986674,-0.896905612,-0.690218508
RAP1A_MOUSE,-0.691294464,-0.895836466,-0.950663362,-0.903386977,,,,-1.199385428
SND1_MOUSE,-0.572318989,-0.73584805,-0.801489381,-0.788918799,-0.894601933,-0.959513799,-1.242785471,-1.157343232
LSP1_MOUSE,-0.509312928,-0.509150013,-0.499425193,-0.620359782,-0.71895766,-0.94551143,-0.75666027,-1.072079657
1433B_MOUSE,0.324065678,0.238284618,0.099667817,0.189001219,-0.063666508,-0.200542783,-0.110147625,-0.125879122
CATZ_MOUSE,-0.038403996,-0.237423678,-0.233469598,-0.361505038,-0.634681639,-0.826344629,-0.32242273,-0.438125554
MINK1_MOUSE,-0.468497404,-0.482259324,,-0.529892594,-0.796361338,-0.876559606,-0.816506286,
MYPT2_MOUSE,-0.311533249,-0.315986893,-0.359025969,-0.312118394,-0.702087894,-0.728358314,-0.677858898,-0.53527887
PDLI3_MOUSE,0.716269392,0.57200167,0.341822365,0.54634528,0.337430434,0.233003984,0.056954639,0.2181329
NONO_MOUSE,0.309115305,0.112748549,0.034990055,0.05246481,-0.171067927,-0.173483454,-0.186927113,-0.280571182
THIKB_MOUSE,-0.830303551,-1.022884473,-1.138256217,-1.205896186,-1.243989665,-1.40532391,,-1.485175525
TYB4_MOUSE,0.531127866,0.453805788,0.303652387,0.448718322,0.210932528,-0.081972585,0.129468574,0.177179849
VATA_MOUSE,-0.288767254,-0.626526222,-0.581499582,-0.588964577,-0.797628767,-0.893682539,-0.83386777,-0.859470475
AR6P4_MOUSE,-0.748401865,-0.725028982,-0.854604278,-0.841949416,,-0.996213438,-1.157234999,-1.19378815
EST1_MOUSE,-0.52276214,-0.553227997,-0.651270987,-0.747534821,-0.826356719,-1.046157909,-1.065556439,-0.827435179
MDHC_MOUSE,-0.134244456,-0.31886838,-0.40604683,-0.296430372,-0.519529774,-0.674466816,-0.612640189,-0.63664255
PERI_MOUSE,-0.49096243,-0.587862094,-0.764616566,-0.541789022,-0.939975527,-0.977960097,-0.834349585,-0.918198543
SPA3G_MOUSE,0.616218113,0.723198787,0.663011112,0.491919921,0.200120065,0.347986114,0.301970985,0.360738815
SET_MOUSE,-0.641478613,-0.626061067,-0.788879727,-0.774376012,-0.962157255,-1.156761173,,-0.965753972
SFPQ_MOUSE,0.161476529,-0.0171802,-0.120246338,-0.027815575,-0.161521617,-0.355141444,-0.354811793,-0.412037117
K1C19_MOUSE,0.002384172,-0.194041332,-0.376427342,-0.204410344,-0.419213586,-0.604892352,-0.500914078,-0.525751197
GRP78_MOUSE,-0.143337345,-0.290528157,-0.426385234,-0.311969051,-0.568121738,-0.716790063,-0.540391426,-0.622767083
PA2G4_MOUSE,-0.910191542,-1.093467843,-1.201760826,-1.069381327,-1.376254498,-1.542176875,-1.312975848,-1.314842791
MYH10_MOUSE,0.088866543,-0.115288264,-0.167138236,-0.094881136,-0.426382049,-0.396960342,-0.300239968,-0.435971994
SYK_MOUSE,-0.383904627,-0.318010249,-0.416078904,-0.476485989,-0.700143108,-0.797399945,-0.591717297,-0.769470609
CES1D_MOUSE,-0.604472377,-0.553227997,-0.651270987,-0.694020191,-0.826356719,-1.046157909,-1.065556439,-0.827435179
AN32A_MOUSE,0.281994406,0.214726542,-0.086635873,0.08449907,-0.055943855,-0.215872044,-0.157707331,-0.337884602
VASP_MOUSE,-0.60305238,-0.821696415,-0.904339973,-0.844311682,-0.80660152,-1.302929461,-1.234380602,-1.087218765
ACTN1_MOUSE,-0.574332123,-0.771297213,-0.713754511,-0.740391282,-0.999354707,-1.038675923,-1.005954154,-1.008931821
IDHC_MOUSE,-0.256439455,-0.374576754,-0.472201247,-0.353732345,-0.543425777,-0.85421919,-0.670464968,-0.626810778
HCD2_MOUSE,-0.902982454,-1.273738083,-1.328592127,-1.129321785,-1.455311054,-1.60277436,-1.412098631,-1.401603351
APOA4_MOUSE,0.399647282,0.273765969,0.074164534,0.137706592,0.02172616,-0.176723727,-0.15812292,-0.038013774
KNG1_MOUSE,0.259280486,0.082169849,0.085613242,0.120614348,-0.135447182,-0.30698709,-0.097143488,-0.146384048
LRCC1_MOUSE,-0.231611559,-0.315309638,-0.427363449,-0.30047694,-0.592941371,-0.738504788,-0.573531167,-0.603391816
PPT1_MOUSE,-0.496393587,-0.657777169,-0.71782325,-0.596361804,,,,-0.925053929
ROA0_MOUSE,0.263100192,0.027647083,-0.128340083,-0.037235071,-0.192308973,-0.247371702,-0.387671327,
KPYM_MOUSE,0.979713004,0.798641651,0.676734901,0.752052967,0.54712349,0.410748498,0.523050095,0.49851004
SRSF4_MOUSE,0.361080717,0.29763482,0.239607771,0.195294578,-0.162957395,-0.018783881,-0.070068837,0.118290767
GRP75_MOUSE,0.392214689,0.344320122,0.113322413,0.141499874,0.00612514,-0.155266088,-0.033299533,-0.053026152
WDR1_MOUSE,-0.000862282,-0.152355277,-0.321861543,-0.219182334,-0.315028468,-0.544276066,-0.525951607,-0.520418234
ARP3_MOUSE,-0.754121897,-0.924299518,-1.10991998,-0.914891185,-1.188666444,-1.341010888,-1.146464531,-1.237253844
DDX3X_MOUSE,-0.71777407,-0.831402062,-0.836315175,-0.840957588,-0.906968512,-1.135947848,-1.03170546,-1.360344303
RL12_MOUSE,-0.711568361,-0.817288453,-0.90169734,-0.847895285,-1.24450304,-1.167549829,-1.050534049,-1.024172977
IBP7_MOUSE,-0.522445907,-0.663188065,-0.671323245,-0.65844642,-1.148198941,-0.869535066,-0.836111259,-0.864805701
NDKA_MOUSE,0.591687811,0.295872345,0.141481166,0.304592452,0.143467218,-0.028074474,0.031576143,-0.015299608
PDIA4_MOUSE,0.276070301,0.115158949,0.024464435,0.142786471,-0.131988102,-0.257819223,-0.007593415,-0.244445808
PPIB_MOUSE,-0.165182065,-0.414979064,-0.568894592,-0.474280025,-0.655423391,-0.862920252,-0.665083061,-0.639909788
TITIN_MOUSE,0.936106271,0.855418483,0.692311983,0.808051117,0.578348294,0.495717942,0.49876592,0.523069895
HNRPC_MOUSE,0.104177381,-0.056108594,-0.11574525,-0.097289241,-0.279891505,-0.380648524,-0.353019453,-0.347309752
CALU_MOUSE,-0.972690842,-1.143345259,-1.295141271,-1.213673622,-1.430846227,-1.525036507,-1.35794302,-1.502971526
RANG_MOUSE,-0.048064092,-0.191351836,-0.384072604,-0.290238458,-0.54778037,-0.558752922,-0.50219831,-0.492052151
PRDX1_MOUSE,0.584569745,0.322403385,0.160208722,0.230405623,0.051773937,-0.042773026,0.142748791,-0.040964745
EF1G_MOUSE,-0.063880199,-0.225562175,-0.374435694,-0.398593084,-0.578440842,-0.585518729,-0.545516235,-0.536040416
ACTN4_MOUSE,0.345699951,0.296542789,0.087528686,0.083030685,-0.088779818,-0.102342202,-0.131683375,-0.046324101
LDHB_MOUSE,-0.400119939,-0.449122514,-0.66703698,-0.392325026,-0.679979404,-0.750176434,-0.771987493,-0.88447885
MOES_MOUSE,0.633983031,0.49999179,0.429102479,0.45054778,0.203354764,0.159228388,0.188766468,0.284428004
CYB5B_MOUSE,-0.781071553,-0.875991121,-0.86023631,-0.805547151,-1.062444941,-1.189224023,-1.088918815,-1.157470196
AMPL_MOUSE,-0.390725081,-0.353220461,-0.533254694,-0.406223137,-0.580269175,-0.787396203,-0.695324344,-0.795587648
ALDR_MOUSE,-0.692504663,-0.639423381,-0.868900865,-0.649263938,-0.961709761,-1.126057602,-1.018824034,-0.913437362
TADBP_MOUSE,-0.70717277,-0.762272423,-0.879007871,-0.836171237,-0.998834527,-1.136443841,-1.104275974,-1.10912529
QCR2_MOUSE,-0.491255987,-0.743927224,-0.732439242,-0.640936473,-0.841730292,-0.973904423,-1.005281994,-0.948504758
A1AT1_MOUSE,0.521704055,0.480844917,0.315492399,0.351253425,0.189495688,0.057816126,0.068894902,0.192433833
EZRI_MOUSE,0.688987344,0.507127147,0.406494385,0.44277965,0.203354764,0.199569052,0.190622285,0.291710632
RRBP1_MOUSE,-0.022164506,-0.064023316,-0.156254818,-0.098100888,-0.301296592,-0.466354165,-0.313383875,-0.415366202
ML12B_MOUSE,0.785530232,0.77261323,0.604064557,0.660197188,0.354407581,0.328554526,0.491870179,0.492428356
PININ_MOUSE,-0.778916038,-0.782041476,-0.740234113,-0.83359225,-0.985861152,-1.097004387,-1.11300694,-1.093262826
A1AT3_MOUSE,0.510491231,0.484823881,0.315492399,0.351253425,0.189495688,0.057816126,0.068894902,0.192433833
TR150_MOUSE,-0.717527465,-0.726398563,-0.872783988,-0.775593445,,-0.92801025,-1.012291853,-1.240199651
AN32B_MOUSE,-0.273166073,-0.079443614,-0.467661091,-0.355164167,,-0.686446155,-0.543995654,-0.511611236
CLH1_MOUSE,0.473677655,0.327687006,0.282210347,0.285878384,0.038861986,0.062088884,0.007155689,0.114533852
IF4A1_MOUSE,-1.085531048,-1.06333163,-1.045449533,-1.157196023,-1.407138338,-1.464672263,-1.318877779,-1.29999852
CLCA_MOUSE,-0.704630834,-0.7837704,-0.900762175,-0.812776315,-1.002143909,-1.105894749,-1.063297173,-1.160214035
SYAC_MOUSE,,-1.014239652,-1.035423872,-1.035872036,-1.135730668,-1.34252178,-1.289043916,-1.466540471
PGK2_MOUSE,-0.1863338,-0.399183367,-0.594748904,-0.454529235,-0.591805913,-0.808416619,-0.732150635,-0.620561222
DPYL3_MOUSE,-0.717086155,-0.770235044,-0.926944122,-0.792191349,-1.055201809,-1.173332948,-1.026281527,-1.063853915
CO3_MOUSE,0.029076211,-0.15317186,-0.180563129,-0.202412386,-0.356298707,-0.435833403,-0.334544687,-0.47488185
TPM4_MOUSE,0.847971788,0.766292891,0.583345731,0.668919126,0.509923508,0.418146412,0.53673976,0.308522026
PARK7_MOUSE,-0.354248698,-0.443399661,-0.576794196,-0.500385671,-0.707786331,-0.708032293,-0.780321243,-0.771657256
IF4A2_MOUSE,-1.097063923,-1.058373285,-1.035593792,-1.183632533,-1.426064955,-1.433920295,-1.409644244,-1.197576046
UBA1_MOUSE,-0.242304861,-0.376823339,-0.55558252,-0.402387361,-0.614726885,-0.734385251,-0.665413019,-0.651586124
RS20_MOUSE,-0.188473784,-0.337524374,-0.47147425,-0.343551233,-0.540612371,-0.666627855,-0.574716596,-0.640597155
PRP19_MOUSE,-0.983708099,-1.054930055,-1.313358757,-1.105402278,-1.310973549,-1.462156171,,-1.380019712
SODC_MOUSE,0.933149334,1.041834385,0.88272095,0.848595303,0.67946488,0.676754666,0.726754825,0.544618999
QCR1_MOUSE,-0.219540429,-0.322084699,-0.48783463,-0.448171743,-0.635048973,-0.750241212,-0.628291237,-0.541540267
PDIA6_MOUSE,-0.323025731,-0.451317354,-0.642416385,-0.453169217,-0.787099107,-0.714015922,-0.719238249,-0.724411028
UBQL2_MOUSE,-0.455227153,-0.490357805,-0.83089508,-0.739427024,-0.811968383,-0.903976759,-0.959947231,-0.912118075
CH60_MOUSE,0.106573223,0.044644745,-0.081369901,6.94E-05,-0.189791862,-0.288702445,-0.238806158,-0.28266818
HNRPU_MOUSE,0.016224723,-0.101919296,-0.10538741,-0.110251488,-0.27262084,-0.407836724,-0.443044448,-0.241826674
AT1A2_MOUSE,-1.026611368,-1.074995773,-1.271133601,-1.188901044,-1.51886214,-1.519092183,-1.243096004,-1.338961823
IF4H_MOUSE,-0.393437516,-0.344423538,-0.270515856,-0.343411294,-0.544335465,-0.60385494,-0.617076417,-0.642152986
SRSF5_MOUSE,0.413929284,0.244786253,0.099540708,0.203963459,-0.109139893,-0.141389179,0.095685469,0.064473265
ACON_MOUSE,-0.260858175,-0.373197242,-0.519667183,-0.416069787,-0.676947329,-0.662313242,-0.597151096,-0.675565484
EF1B_MOUSE,-0.261399381,-0.403383843,-0.50905113,-0.480795795,-0.584188316,-0.581387525,-0.619253834,-0.901851701
RHOA_MOUSE,0.121996439,-0.222412071,-0.061235658,0.05116314,-0.439751584,-0.280296051,-0.175589928,-0.246851144
HAP28_MOUSE,-0.761506388,-0.966452178,-0.701435842,-0.882283172,,,,-1.085839848
MEIS1_MOUSE,-0.785691349,-0.879869746,-0.973131658,-0.81930741,-1.045209994,-1.163473724,-1.120601297,-1.159255967
RCN2_MOUSE,-0.705439253,-1.304638274,-1.347594829,-1.298706268,,-1.420738293,,
MYH9_MOUSE,-0.052937238,-0.285369998,-0.291026391,-0.285124051,-0.403282379,-0.549831666,-0.489958014,-0.496555416
RS28_MOUSE,-0.061567197,-0.05961795,-0.113174323,-0.145510467,-0.311358327,-0.418398898,-0.425215209,-0.248100072
RADI_MOUSE,0.620436964,0.494712249,0.407630208,0.445912726,0.227607953,0.199569052,0.236876621,0.291710632
ECHD2_MOUSE,-0.120590565,-0.160180492,0.095527423,0.068931709,,-0.281159036,,
ILF2_MOUSE,-0.645691977,-0.574407232,-0.626709249,-0.650092175,-0.918935027,-0.903795342,,-0.805136957
MAP2_MOUSE,-0.28777766,-0.387490012,-0.586588596,-0.505508027,-0.664722644,-0.799949071,-0.615359459,-0.693945527
NPM_MOUSE,0.287728044,-0.026166856,-0.05124553,0.051098983,-0.123446574,-0.248684681,-0.203333562,-0.166187681
SEPT6_MOUSE,-0.18820081,-0.382028218,-0.54399336,-0.405081858,-0.584268134,-0.745485768,-0.57220838,-0.618410639
SYNP2_MOUSE,-0.550549699,-0.605893856,-0.718475438,-0.593090025,-0.80562395,-1.100195867,-0.770828193,-0.790183249
PLMN_MOUSE,0.24938442,0.175270101,-0.037098704,0.084801166,-0.094653787,-0.297549155,-0.121959272,-0.009471317
AATM_MOUSE,0.26424834,0.054787423,-0.009366944,0.049615666,-0.123798642,-0.246100689,-0.093690056,-0.171834777
RLA2_MOUSE,-0.544276282,-0.661394366,-0.798422465,-0.680549859,-0.958700204,-0.9181695,-0.883683056,-0.917729349
MYPT1_MOUSE,-0.854126083,-0.737646157,-0.79199876,-0.848686925,-0.942977413,-1.136388784,-1.049348326,-1.096353451
SEPT9_MOUSE,0.167384507,0.182823556,0.046494417,0.118932653,-8.82E-05,-0.201098144,-0.14088106,-0.131484222
IDH3A_MOUSE,-0.297626654,-0.415455029,-0.620455716,-0.466876806,-0.649832174,-0.767907969,-0.665283804,-0.699747857
NUDC_MOUSE,-0.15960938,-0.23069462,-0.461366485,-0.351151838,-0.500579713,-0.633695588,-0.568436219,-0.480278774
TCPE_MOUSE,-0.10822174,-0.059404824,-0.350159784,-0.238164944,-0.400133895,-0.504011574,-0.44691138,-0.381814587
PURA_MOUSE,-0.807509262,-1.028239768,-1.023606913,-0.990369689,-1.066782488,-1.183095177,-1.25426439,-1.320823064
AIMP1_MOUSE,-0.445345853,-0.549183494,-0.848676464,-0.669517051,-0.796362054,-0.881807957,-0.81775999,-0.99080547
VIGLN_MOUSE,-0.928577111,-1.219443568,-1.175001212,-1.151129264,,,,-1.360035722
SPA3F_MOUSE,0.626948352,0.607544964,0.654407384,0.502838259,0.303110272,0.325644815,0.34183067,0.455984028
HNRPF_MOUSE,-0.638234159,-0.837719396,-0.965644342,-0.967311596,-0.952814535,-1.098448778,-1.169969273,-1.150392726
SEPT8_MOUSE,-0.062273801,-0.153969728,-0.367131511,-0.192654455,-0.37243629,-0.599211187,-0.36039541,-0.406070463
IF2A_MOUSE,-0.616874853,-0.647650978,-0.648119655,-0.628104869,-0.799695423,-0.892422475,-0.955383911,-0.85056028
PCBP2_MOUSE,-0.104018818,-0.40396031,-0.445412238,-0.301569254,-0.423537615,-0.580949927,-0.61709898,-0.578661101
CHDH_MOUSE,-0.557859037,-0.630489999,-0.928744835,-0.70575492,-0.868160278,-0.938678472,-0.932806283,-1.023619476
PROF1_MOUSE,-0.814233179,-0.825917969,-0.836176652,-0.754315739,-1.022071086,-1.151884553,-1.052956276,-0.942917245
PLST_MOUSE,0.044030142,0.029541231,-0.058018333,-0.102472133,-0.132102104,-0.331745746,-0.32469115,-0.236197613
MDHM_MOUSE,0.091515551,0.039261485,-0.018239278,0.046193805,-0.213364141,-0.2928046,-0.148696032,-0.119606761
EF1D_MOUSE,0.14733412,0.016124294,-0.132690791,-0.046277899,-0.215918051,-0.307554746,-0.185525361,-0.237590057
FUMH_MOUSE,-0.953271082,-1.038626214,-1.205520458,-1.044552713,-1.33971785,-1.2851768,,-1.254155023
TCP4_MOUSE,-0.760818154,-0.849250076,-1.013542007,-0.930708151,-1.121471031,-1.115327662,-1.111032114,-1.132172931
COX5B_MOUSE,-0.590950741,-0.620351331,-0.795523701,-0.707251543,-0.845738102,-0.98641465,-0.869658792,-0.934208011
AT1A1_MOUSE,-1.164175501,-1.03334911,-1.279653624,-1.188901044,-1.447337968,-1.421965629,-1.376877608,-1.335418975
KCY_MOUSE,-0.053296834,-0.001892755,-0.11216869,-0.07053637,-0.226690693,-0.310610377,-0.290590314,-0.316751368
PYC_MOUSE,-1.048054293,-1.014081236,-1.139928725,-1.049193685,-1.251863729,-1.321380221,-1.351187709,-1.230890712
THY1_MOUSE,-0.244475453,-0.375129107,-0.379789872,-0.407234847,-0.662454023,-0.67974187,-0.570362831,-0.390800645
IF4A3_MOUSE,-1.12578593,-1.08884688,-1.026512841,-1.183632533,-1.373532614,-1.399471988,-1.374417701,-1.173400486
CAP2_MOUSE,-1.287480071,-1.38508534,-1.468692933,-1.467095878,,-1.626053548,,
TCPD_MOUSE,-0.251670866,-0.481137207,-0.510255343,-0.49385329,-0.563844536,-0.744066194,-0.700958217,-0.618849614
THIL_MOUSE,-0.537454401,-0.640544475,-0.802428426,-0.702822289,-0.927531103,-0.949124408,-0.964265646,-0.731362268
YV012_MOUSE,0.442741316,0.390698729,0.192321896,0.398144094,0.121256453,0.087342703,0.202813459,0.124400597
RAB1A_MOUSE,-1.085365276,-1.02646083,-1.102081191,-1.108188702,-1.252549434,-1.371567121,-1.281777246,-1.296318594
ORN_MOUSE,-0.479751511,-0.547138085,-0.561889148,-0.564199226,-0.800997939,-0.833768161,-0.727356955,-0.666255238
THIM_MOUSE,-0.391885997,-0.469446282,-0.617176119,-0.493765733,-0.684572178,-0.766972457,-0.673659109,-0.7157341
A1AG1_MOUSE,-0.449826801,-0.486403099,-0.627283297,-0.502928833,-0.719655886,-0.825031252,-0.59588183,-0.794297151
MANF_MOUSE,-1.26006218,-1.061518365,-1.158887612,-1.160019407,,-1.470498976,-1.447865139,-1.212592969
GUAA_MOUSE,-1.292444711,-1.30408267,-1.393093409,-1.328099972,-1.564636896,-1.58293103,-1.523868084,-1.505929084
CTBP1_MOUSE,-0.334713524,-0.365027745,-0.460606021,-0.401730493,-0.510264176,-0.755472291,-0.661943926,-0.488608564
ANXA6_MOUSE,-0.134157055,-0.266315205,-0.33171385,-0.257034047,-0.414498122,-0.505837191,-0.457966454,-0.464115993
UBE2N_MOUSE,-0.427261055,-0.660576359,-0.781545572,-0.718322204,-0.753482417,-0.895574622,-0.870905209,-0.920718707
KCD12_MOUSE,0.49800069,0.400348985,0.271231781,0.358087573,0.24926073,0.164182961,0.155080231,0.11156645
NDUS8_MOUSE,-0.782455905,-0.89490167,-0.949108702,-0.853819691,-1.116935354,-0.980570736,-1.192164854,-1.033740981
BOREA_MOUSE,-0.438721823,-0.684340337,-0.81950867,-0.725148315,,,,-0.877462544
CDV3_MOUSE,-1.132739002,-0.917892343,-1.192755833,-0.978362376,-1.279079026,-1.224774755,-1.357748803,-1.197834731
TCPG_MOUSE,-0.247553132,-0.409515254,-0.488003128,-0.41995889,-0.591182778,-0.626978878,-0.609677302,-0.573998961
ARP2_MOUSE,-0.461833891,-0.519704676,-0.627923712,-0.603049407,,,,-0.762186972
TALDO_MOUSE,0.20987687,0.081768458,0.026974165,0.061008102,-0.049005479,-0.125475144,-0.170611634,-0.109486864
CY1_MOUSE,-0.715052303,-0.867522525,-1.026628857,-0.96349466,-1.035644834,-1.122949989,-1.089484059,-1.157004
TIF1B_MOUSE,-0.166620407,-0.211222331,-0.297474282,-0.254409775,-0.361619661,-0.509187819,-0.451908972,-0.433947632
TCPB_MOUSE,-0.448806718,-0.53432032,-0.623485126,-0.547772107,-0.742457061,-0.756200667,-0.792704137,-0.688240527
CYB5_MOUSE,-0.444502505,-0.310753112,-0.232347373,-0.449392893,-0.542958375,-0.75025294,-0.484698072,-0.482951232
EIF3I_MOUSE,-0.365216019,-0.354633426,-0.441312852,-0.363612,-0.568286278,-0.57611415,-0.576047828,-0.627523694
APEX1_MOUSE,-1.049693737,,,-1.057069527,,,,-1.258416931
CPNE1_MOUSE,-0.805846187,-0.76605226,-0.844562148,-0.784307844,-0.930799556,-1.104615269,-0.998887499,-0.979621472
SEP11_MOUSE,-0.2388569,-0.139877205,-0.324352846,-0.192654455,-0.37243629,-0.413474153,-0.373098523,-0.541148497
HNRPK_MOUSE,0.17950901,0.095688559,-0.032724157,0.05044695,-0.043966643,-0.186184795,-0.135525209,-0.141252201
DCTN1_MOUSE,-1.003141106,-1.114351005,-1.145807865,-1.096826083,-1.348450654,-1.24232071,-1.276999481,
TPM3_MOUSE,0.874679829,0.860916991,0.690094779,0.772383889,0.695039605,0.578703125,0.632880965,0.498245092
TCPZ_MOUSE,0.051305262,0.112891506,0.039848519,0.124108731,-0.047545047,-0.14895755,-0.156830625,-0.109804131
DBNL_MOUSE,-0.82926152,-0.865687034,-0.989703572,-0.878908859,-1.115243925,-1.076989173,-1.021795351,-1.140607672
NUCKS_MOUSE,-0.514057284,-0.329502889,-0.450496668,-0.455993118,-0.619189294,-0.725116178,-0.667654398,-0.527535237
PLSL_MOUSE,-0.028661413,0.078408956,-0.087698551,-0.109600829,-0.133714798,-0.260997911,-0.303600956,-0.238106954
HNRPM_MOUSE,0.668344383,0.506629563,0.42821015,0.487970648,0.400820202,0.331598406,0.282633825,0.288841515
PGM2_MOUSE,-0.885465508,-0.882110535,-1.100202798,-1.104967948,-1.112843828,-1.219185185,-1.186884137,-1.240649619
TXNL1_MOUSE,-0.367202809,-0.522133777,-0.573548714,-0.586834004,-0.637863478,-0.774935862,-0.783449711,-0.635155601
OAT_MOUSE,0.082925642,0.056367547,-0.074734161,0.015264612,-0.150427311,-0.177285978,-0.153808119,-0.209469553
CDC42_MOUSE,-0.065171096,-0.066801016,-0.061133657,-0.094705771,-0.297104457,-0.263132751,-0.24206691,-0.253520038
RCN3_MOUSE,-0.277735322,-0.41412037,-0.492822865,-0.418944779,-0.563445993,-0.643946314,-0.533012779,-0.630277165
FKBP4_MOUSE,-0.487864,-0.49517383,-0.617621296,-0.562497402,-0.63491882,-0.818102148,-0.702678664,-0.774127752
FUBP2_MOUSE,-0.803410651,-0.798594702,-1.004258113,-0.767576822,-0.933635711,-1.01331382,-1.077909989,-1.109771946
CTBP2_MOUSE,-0.366709073,-0.365027745,-0.446226402,-0.457136821,-0.488778042,-0.755472291,-0.661943926,-0.488608564
C1QBP_MOUSE,-0.073761318,-0.167934452,-0.284403603,-0.211613764,-0.33135111,-0.413991471,-0.345871207,-0.401814656
2ABA_MOUSE,-0.449815618,-0.561611766,-0.633658131,-0.595668573,-0.683217781,-0.854331833,-0.640994114,-0.815012272
VDAC1_MOUSE,-0.607815997,-0.475647843,-0.732567531,-0.489499287,-0.792055139,-0.828141131,-0.765244087,-0.656753192
PHB_MOUSE,-0.341958897,-0.402283929,-0.534296051,-0.397530342,-0.59168433,-0.675575813,-0.575867229,-0.569423075
NDUS3_MOUSE,-0.570839619,-0.729964817,-0.82681866,-0.699026126,-0.864913226,-0.938934255,-0.90597299,-0.852340358
OTUB1_MOUSE,-0.129897448,-0.235515096,-0.282128886,-0.247864211,-0.394190011,-0.405811508,-0.420663368,-0.402586296
DDX5_MOUSE,-0.714974843,-0.763960777,-0.841581593,-0.896827049,-0.933827304,-0.949709666,-1.075534186,-0.985947251
DYHC1_MOUSE,-0.337087718,-0.303119331,-0.398506756,-0.401397721,-0.577925645,-0.557565534,-0.539026066,-0.488641365
TBCA_MOUSE,0.010840115,-0.162366145,-0.254235785,-0.263003744,-0.283495615,-0.427588783,-0.335064107,-0.344601489
P4HA1_MOUSE,-0.497328928,-0.848347371,-0.444706391,-0.761907913,,,,-0.817569488
PABP1_MOUSE,-0.725609845,-0.952774181,-0.935170335,-0.876730152,-1.1790282,-1.040243505,-0.952830943,-1.033128677
SC22B_MOUSE,-0.73172404,-0.723752219,-0.868959023,-0.874446389,-0.993942389,-0.972787299,-0.971046268,-0.972938922
AP2A2_MOUSE,-1.005188753,-1.232214553,-1.31073516,-1.202018531,-1.40725682,-1.340537236,-1.334275476,-1.368673622
ETFA_MOUSE,-0.270672195,-0.394190493,-0.453307599,-0.513717642,-0.559219649,-0.620209674,-0.580334121,-0.57091178
SC23A_MOUSE,-0.975441465,-1.132379901,-1.157315869,-1.13829546,-1.245520666,-1.248983148,-1.399382961,-1.202262616
RHG01_MOUSE,-0.216401346,-0.35423991,-0.46291525,-0.41517828,-0.517598779,-0.602792209,-0.470948548,-0.544611811
RB6I2_MOUSE,-0.407656949,-0.374332477,-0.343411736,-0.525866457,-0.540899728,-0.55111688,-0.59340399,-0.629864981
ADHX_MOUSE,-0.06102895,-0.089166107,-0.180316087,-0.078819085,-0.197396072,-0.301073388,-0.233364023,-0.335803733
SARNP_MOUSE,-0.517577402,-0.436631385,-0.42773068,-0.389934493,-0.542275268,-0.688846973,,-0.590313942
DC1I2_MOUSE,-0.693368144,-0.664506649,-0.774423468,-0.689438665,-0.75962826,-0.92927644,-0.865314131,-0.913506643
IDHP_MOUSE,-0.049082413,-0.167425079,-0.303632485,-0.27317856,-0.312877785,-0.395568336,-0.344230175,-0.385681203
IMB1_MOUSE,0.188301296,0.190706429,0.13150565,0.090571507,-0.008089701,-0.10910476,-0.080064451,0.157564653
NDUA8_MOUSE,-0.102092365,-0.14287621,-0.301252814,-0.225041556,-0.361422207,-0.390480959,-0.298710735,-0.334135909
EIF3A_MOUSE,-0.462999321,-0.472447903,-0.62775879,-0.555588526,-0.646241828,-0.754766419,-0.653105356,-0.676893145
CX6A1_MOUSE,0.577722473,0.565397386,0.47506113,0.502525724,0.391309509,0.348118266,0.405569183,0.374533697
SH3L3_MOUSE,-0.847781699,-0.868246491,-0.954391327,-0.939194101,-1.072655664,-1.065810754,-0.994793135,-1.063896721
PPM1G_MOUSE,1.096157865,1.118775567,1.079121178,1.053542548,0.957919941,0.904706881,1.039686895,0.858755664
EFTU_MOUSE,-0.746133133,-0.801420383,-0.854185359,-0.828665121,-0.935399505,-0.933749255,-1.051344026,-0.884333092
PPCE_MOUSE,-1.311503665,-1.482868972,-1.453878822,-1.440807478,,-1.591608899,-1.538572807,-1.555854136
CNPY2_MOUSE,0.006666998,-0.060991677,-0.1312087,-0.019078242,-0.170419569,-0.157851774,-0.123372117,-0.304336803
CTNB1_MOUSE,-0.878021887,-0.718660073,-0.887105856,-0.803577871,-0.874647534,-0.927651993,-0.964352557,-1.004317745
GNAI2_MOUSE,-0.374150713,-0.46409968,-0.451241794,-0.432431616,-0.592523018,-0.563141146,-0.535366382,-0.50179636
COR1B_MOUSE,-0.338678017,-0.330510211,-0.373965751,-0.217915248,-0.428195418,-0.492503421,-0.378997713,-0.420440604
UBA1Y_MOUSE,-0.390672129,-0.544486694,-0.526131244,-0.51146807,-0.590680355,-0.638653916,-0.651640385,-0.52915383
CERU_MOUSE,-0.7818024,-1.137457533,-1.193585878,-1.128988927,,,,-1.169517355
ERF3A_MOUSE,-0.882318552,-0.840457716,-1.140925207,-1.014667685,,,,-1.067783485
TCEA1_MOUSE,-0.592717203,-0.911864021,-0.920053754,-0.79869539,,,,-0.900835296
FBLN1_MOUSE,0.423606695,0.428448978,0.373678101,0.411925273,0.247236293,0.316140496,0.357671717,0.367423951
SNX9_MOUSE,-0.705261495,-0.697880404,-0.731242753,-0.737932936,-0.774606809,-0.75767632,-0.827612255,-0.839883484
PGAM2_MOUSE,0.444261711,0.499406437,0.386621415,0.384218613,0.367841966,0.316523777,0.362853263,0.34723969
RBBP4_MOUSE,-1.322359871,-1.360687406,-1.335804406,-1.405144733,-1.424459916,-1.411821634,-1.406889528,-1.462177282
MYG1_MOUSE,-1.484275356,-1.351806342,-1.464448508,-1.688195808,,,,-1.535945336
K1B11_MOUSE,0.770223686,1.011918765,0.740034787,0.175492469,,,,0.658931484
1433E_MOUSE,-0.530207603,-1.329456474,,-1.097108241,,,,
AN32C_MOUSE,-0.096551355,-0.202460844,-0.725172257,-0.577952023,,,,
CAN2_MOUSE,-0.991362126,-1.152982174,-1.383507315,-1.167902539,,,,
CX023_MOUSE,-0.992574006,-0.903793868,,-1.065721747,,,,
DERM_MOUSE,-0.920609519,-0.907231567,-1.03907568,-1.152179633,,,,
KAD2_MOUSE,-1.415687669,-1.395338636,,-1.344080616,,,,
NSF1C_MOUSE,-1.71901669,-1.376918197,-1.734003139,-1.502439414,,,,
PAK3_MOUSE,-1.333396257,-1.314835099,-1.316529266,-1.408409493,,,,
PRDX6_MOUSE,-1.264781477,-1.332140818,-1.726391689,,,,,
PUR6_MOUSE,-0.758142315,-0.984471062,-1.01531062,-1.039565703,,,,
SHRM3_MOUSE,-1.205237633,-1.160945837,-1.242586115,-0.921752465,,,,
SRRT_MOUSE,-1.56585192,-1.638023678,-1.634089412,-1.527686228,,,,
TES_MOUSE,-1.171125709,-1.245588825,-1.400981903,-1.40518432,,,,
UBP5_MOUSE,-0.808256725,-0.884769465,-1.041077004,-0.826166171,,,,
RYR2_MOUSE,-0.70536095,-0.590123109,-0.514565508,-0.576260791,-0.513030023,-0.505508727,-0.437107092,-0.458438861
HSPB1_MOUSE,-0.84545663,-0.793701888,-0.817286255,-0.834156321,-0.657776823,-0.630591125,-0.707514707,-0.760347074
MYL6_MOUSE,0.849934102,1.007312528,0.951640781,0.989969057,1.118175697,1.125573745,1.125859852,1.085483917
HNRL2_MOUSE,-0.384488205,-0.619660582,-0.661794182,-0.649341514,-0.380146728,-0.410079186,-0.437103107,-0.420853362
ELOB_MOUSE,-0.495854778,-0.329715372,-0.436132102,-0.404693808,-0.200837953,-0.304334461,-0.197013391,-0.278482264
GSTP2_MOUSE,0.459894269,0.479334497,0.388317275,0.352666158,0.61305129,0.68229382,0.603077508,0.479398709
ANXA2_MOUSE,-0.092643547,-0.11411194,-0.056320919,-0.033167966,0.138114703,0.166277112,0.124716158,0.075243684
KSR2_MOUSE,,-0.804846815,-0.826505938,-0.889809264,-0.699126349,-0.544810219,-0.521284314,-0.746588921
RS2_MOUSE,-0.877062929,-0.904710622,-0.805534252,-0.609514549,-0.569058104,-0.702737019,-0.464693884,-0.573700782
HNRL1_MOUSE,-0.296483623,-0.505867133,-0.600556379,-0.379141671,-0.188836342,-0.313809907,-0.278482338,-0.06868379
GSTP1_MOUSE,0.412773364,0.297405089,0.388317275,0.323299042,0.643269806,0.610150951,0.637955944,0.528792966
4ET_MOUSE,-1.177108471,-0.966673938,-1.008446139,-1.045564659,-0.612259887,-0.819416204,-0.765022658,-0.948216946
RS16_MOUSE,-0.402997881,-0.446986573,-0.590997693,-0.639442928,-0.485283986,-0.143706372,-0.205425117,-0.140980538
PTBP1_MOUSE,-0.801589952,-0.62131514,-0.542135618,-0.495364679,-0.267097023,-0.176432198,-0.447470475,-0.375204014
RS15A_MOUSE,-1.007894134,-1.079573985,-1.104768371,-1.308629049,-0.89358114,-0.686656713,-0.770215911,-0.945480824
ACOT3_MOUSE,-0.288920091,-0.303311441,-0.274552632,-0.283346397,0.160221536,-0.055872776,0.119209935,-0.159551982
VINC_MOUSE,-0.859057275,-0.766938529,-0.844971936,-0.968259974,-0.486293393,-0.494701572,-0.530490051,-0.589665424
ODO2_MOUSE,-1.27122436,-1.203118194,-1.315182853,-1.295035408,-0.929100694,-1.019683433,-1.05486573,-0.727782597
CAH2_MOUSE,-0.70183563,-0.903089987,-0.922386666,-0.922769556,-0.386396356,-0.430581502,-0.435068342,-0.830506674
PSB3_MOUSE,-1.408961015,-1.493314611,-1.492818763,-1.30042063,-1.030678423,-0.897023596,-1.053714197,-1.297860003
RL13_MOUSE,-0.576509503,-0.438372816,-0.543296097,-0.601630705,-0.371172203,-0.144530504,-0.073856461,-0.030348606
TRY2_MOUSE,0.414899526,0.649694473,0.270328373,0.451322517,0.714428793,0.719695443,1.245968116,0.658546837
DHE3_MOUSE,,-0.65913532,-0.736968005,-0.816047588,-0.290613659,-0.327375715,-0.332945469,-0.443375283
IRF7_MOUSE,0.44721569,0.80847492,0.98796461,0.69434295,1.187242876,0.997480581,1.086092362,1.260526585
ACOT4_MOUSE,-0.288920091,-0.303311441,-0.340724967,-0.45493955,0.160221536,-0.164907753,0.119209935,0.107445912
CCNA2_MOUSE,-0.165112016,0.071197279,-0.115607004,-0.054344872,0.56946221,0.435413065,0.463811321,-0.117794699
NSUN2_MOUSE,-1.054306442,-0.837962216,-0.79547562,-1.373610685,-0.378186261,-0.567615009,-0.751556281,-0.698586962
HINT1_MOUSE,-0.255859461,-0.484779526,-0.607973276,-0.617567894,-0.00221062,0.051379749,-0.045040729,-0.266589647
LASP1_MOUSE,-0.619370987,-0.828355378,-0.90917815,-0.90787844,-0.61171487,-0.357694587,-0.26923921,-0.278647537
CALX_MOUSE,-1.040065015,-1.216885654,-1.393538412,-1.26720401,-0.602513193,-0.71523101,-0.811045778,-1.002993428
ITIH3_MOUSE,-1.274608179,-1.394444268,-1.45676768,-1.701017373,-0.870568289,-0.801804162,-0.981787198,-1.234536228
RSU1_MOUSE,-0.717880971,-0.853315472,-0.882907187,-1.109274114,-0.27352094,-0.286805157,-0.332972013,-0.690850435
RL4_MOUSE,-0.986383224,-1.255385622,-1.302513112,-1.019084804,,-0.584321386,-0.706764185,-0.632944367
DDAH2_MOUSE,-1.045822441,-1.183447688,-1.06107018,-1.137833659,-0.609209957,-0.391944087,-0.439476787,-0.957075666
PEBP1_MOUSE,-0.44236047,-0.369237012,-0.478674203,-0.689323696,0.26844916,0.172552845,0.032013304,-0.335916169
CATH_MOUSE,,-1.492204735,,-1.781914857,-0.909948552,-1.238395468,-0.939792457,-1.295635414
SRSF1_MOUSE,-1.020268816,-0.572470413,-0.474978809,-0.579402782,0.013845538,-0.083490678,-0.013355003,-0.384600096
PNPH_MOUSE,-0.409305659,-0.333787606,-0.483496881,-0.433935886,0.091361062,0.201007913,0.250927481,-0.014180798
TBB1_MOUSE,-0.057728927,-0.192494792,-0.276980246,-0.160043126,0.51077,0.604598047,0.529145706,-0.080678065
RS8_MOUSE,-0.903593669,-1.180860485,-1.042359451,-1.349532119,-0.701599605,-0.686538984,-0.237930297,-0.555136771
MIF_MOUSE,-1.06600182,-0.948356316,-0.897491916,-1.135161843,-0.243728385,-0.20667183,-0.522462484,-0.741258237
DCTN2_MOUSE,-0.905834171,-1.26749911,-1.092750818,-1.072257892,-0.25569793,-0.331219553,-0.485744893,-0.880022668
HBA_MOUSE,0.76783986,1.011397767,0.766210217,0.717126697,1.372865403,1.499577579,1.569639375,1.273205156
RL15_MOUSE,-1.078153795,,-1.055308354,-1.154432847,,-0.466121458,-0.50775578,-0.46202611
TRIPC_MOUSE,-0.864495712,,-0.688487418,-0.922592544,-0.013916304,-0.509040665,-0.024248527,-0.271072439
TLN1_MOUSE,-0.245205412,-0.543721025,-0.486844071,-0.544022365,0.287696196,0.397985317,0.214906925,-0.2057504
ACBP_MOUSE,-0.743903097,-0.792394879,-0.885674206,-0.780719962,0.067378669,-0.025177745,0.16791169,-0.788119462
ST5_MOUSE,-0.993655698,-1.016679217,-1.30614516,-1.085708064,-0.419916297,-0.404823557,-0.479547242,
MAP4_MOUSE,-1.342213226,-1.359731495,-1.578663223,-1.786076575,-0.955024226,-0.906426349,-0.644297378,-0.851520239
GDIB_MOUSE,-1.040553809,-1.394437615,-1.252938153,,-0.581125134,-0.504319422,-0.534654298,
IGKC_MOUSE,-0.469475025,-0.441696522,-0.292661565,-0.336231237,0.648054592,0.373494489,0.442462168,-0.12464533
TBAL3_MOUSE,-0.972663589,-0.918790089,-0.762142252,-0.969490389,-0.106918491,0.072436218,-0.074679237,-0.410751044
1433S_MOUSE,-0.879969593,-0.483100615,-0.4176356,-0.322351947,0.408154621,0.491415681,0.342122292,-0.235647272
PRELP_MOUSE,-0.321652314,-0.296741046,-0.636129405,-0.435111447,0.424463133,0.450065844,0.593020836,-0.032355958
RL6_MOUSE,,-1.355669074,,,-0.665303122,-0.58598442,-0.702469552,-0.330873534
ANR32_MOUSE,-1.438204467,-1.233864577,-1.352639743,-1.471847411,-0.069242224,-0.578729977,-0.367012215,-1.242611206
RL23A_MOUSE,-0.348394641,0.028169238,0.065794052,-0.147225969,0.830520861,1.176314538,0.790354397,0.214101164
FKB1A_MOUSE,-1.287318339,,,-1.658011397,-0.366551379,-0.340620892,-0.380665171,
IQCAL_MOUSE,-1.485321855,-1.319161888,-1.74066424,-1.476724544,,,-0.233312471,-0.41428806
2AAA_MOUSE,,-0.407378547,-0.500676241,-0.474849611,,,,1.005133639
ALDOC_MOUSE,,,,,0.245830514,-0.521954075,-0.999062142,-0.238787379
IGHA_MOUSE,,,,,-0.728488519,-0.911155186,-0.959650327,
IRS4_MOUSE,,,,,,-1.352668327,-1.223145219,-1.30681228
PCP4_MOUSE,,,,,-1.34208613,-0.606380701,-1.038540278,
THIC_MOUSE,,,,,-0.908292657,-0.7464416,-0.924666986,-1.736199212
TOP2A_MOUSE,,,,,-1.051475235,-0.951635916,-1.019848012,
WDR60_MOUSE,,,,,-1.479743855,-1.51814061,-0.863691814,-1.42494274
H1T_MOUSE,0.365433489,0.293135746,0.149056004,0.236496455,0.323224064,0.920250173,0.845145613,0.545800225
H12_MOUSE,0.39767241,0.293135746,0.149056004,0.188749885,0.32860784,0.941872468,0.849196685,0.704395845
H2B2E_MOUSE,1.060816999,1.436252123,1.408538385,1.234263854,1.810826491,2.012715716,1.725682988,1.579288885
H13_MOUSE,0.351092441,0.293135746,0.120270642,0.185460852,0.32860784,0.941872468,0.85357901,0.85257755
H14_MOUSE,0.374382426,0.293135746,0.149056004,0.164868155,0.358220563,0.943311827,0.853247757,0.889363464
H11_MOUSE,-1.247450562,-1.348676114,-1.541281055,-1.496131831,-1.363962121,-0.595514434,-0.762894529,-0.845752075
H2A1_MOUSE,1.216592822,1.374727746,1.247350392,1.223231325,1.668113119,2.102934037,1.941375016,1.427166006
H2A3_MOUSE,1.216592822,1.374727746,1.247350392,1.223231325,1.668113119,2.102934037,1.941375016,1.427166006
H2A1F_MOUSE,1.216592822,1.38532339,1.230058245,1.218660707,1.671242949,2.118121023,1.966213719,1.41964905
H2AX_MOUSE,1.216592822,1.38532339,1.230058245,1.227801942,1.685457227,2.142371109,1.966213719,1.40707312
H33_MOUSE,1.059185352,1.265084109,1.114713205,0.923272993,1.430994325,1.800463975,1.766832837,1.511323079
H2A2A_MOUSE,1.203130744,1.348547052,1.253827423,1.23044569,1.668113119,2.142371109,1.966213719,1.427166006
H2A1K_MOUSE,1.214045984,1.374727746,1.226668995,1.217949169,1.674372779,2.13330801,1.991052422,1.412132093
H2AY_MOUSE,1.108810982,1.262734467,1.153895901,1.131794668,1.630117859,2.03842385,1.89951145,1.2863612
H31_MOUSE,1.059185352,1.265084109,1.114713205,0.923272993,1.463529697,1.831882203,1.76884821,1.511323079
H2B3A_MOUSE,0.942900152,1.400473865,1.454779692,1.292291042,1.901087525,2.012625799,1.816196749,1.588790771
H2AJ_MOUSE,1.214045984,1.374727746,1.226668995,1.217949169,1.702801336,2.148178335,2.012869171,1.412132093
H2A2C_MOUSE,1.192215504,1.348547052,1.240758667,1.223231325,1.702801336,2.153890518,1.993643924,1.412132093
H2A2B_MOUSE,1.175659343,1.332962002,1.230058245,1.218660707,1.685457227,2.151434208,1.991052422,1.41964905
H15_MOUSE,0.025115071,0.027011701,-0.286589045,-0.111065542,0.035327128,0.709005354,0.654918029,0.591249314
H10_MOUSE,-0.62084104,-0.677545327,-0.898654412,-0.896618931,-0.37619925,0.018028309,-0.045447382,-0.133995236
